繁,綜,釋義
南？,naam4?,（～粉）一種米粉，近似米線
墩？,dan1,頰：[欽]面～｜[穗]面珠～
瓦,ngaa5,泛指陶瓷材質的：缸～｜～缸｜缸～窯
較,gaau3,練兵：～場｜[欽]大～場(一地名)
細,sai3,小
儉,!gen6,（慳～）節儉
疑,ngi4,（思～）懷疑
䗛,suk1,（百～）蜈蚣
曉,!heu2,知
,daem3?,錨，?
濌,dap6,重貌：重～～
便,!bin6,方位代詞，指明方向，本作“邊”：邊～？｜南～。
,!lyut1,（黑～～）黑貌。
,!bet6,形容成糊狀或軟爛：腍～～｜溶～～｜腍～劣｜[立]溶～膉。
校,!gaau3,摻，調：～一尐水落泥裏頭。
米,mai5,指錢財：你真係有～。
,!,（～悠）安閒從容貌。
修,!,（～悠）安閒從容貌。
,shoi6,（～hoi3）①傻、笨拙狀；②[戎]頹靡、有氣無力的樣子；③[順]手腳不靈活。
,bet6,形容味寡：淡～～｜[欽]淡～劣(let4)澈(zet4)。
揦,laa2,（～脷）令人覺得誇張：買咁貴啲嘢，真係～囉。
,！kik1/kak1,一節、一段：斬～蔗落來。
斗,!dau2,（正～）確實、的確，蘊含嫌憎﹑不滿情緒：正～白癡。
式？,!shik1,（正～）確實、的確，蘊含嫌憎﹑不滿情緒：正～白癡。
一,!jat1,（正～）確實、的確，蘊含嫌憎﹑不滿情緒：正～白癡。
,!shap1,小混混：老～｜老～仔｜老～妹。
㗾？,!hoe4,快速樣貌：～～聲搞扂嘥。
,!hang3,蠢、腦子有問題：你都～嘅｜一睇就知傻～～冇藥醫。
燕,!jin3,毽子。
戾？,!lai2,（冤～）無辜的人被誣指爲有罪，無過錯的人受到指責，冤枉。
戾？,!lai2,①扭轉（身體等）：～身就走｜～轉個頭；②曲：拗～條鐵枝。
指,!zhi2,（～擬）指望：你冇使～佢做。
擬,!nji5,（指～）指望：你冇使～佢做。
搙？,!nuk6,（用筷子）夾斷、切斷：～開䊆餅，一人一半啦！
鬼,!gwai2,①鬼魂：水～｜替死～；②外國人，外國人的：～佬｜～妹；③插在雙音節詞中或與“咁”合用，表示加強語氣：麻～煩｜～咁熱｜咁～死熱；④詈語，指人：窮～｜衰～。
摑,!gwaak3,掌摑：～你一巴掌。
咕？,!gu4,（～～）（～～仔）小男孩陰莖的俗稱
賓？,!ban1,小男孩陰莖的俗稱，兒語：～周｜～㞗｜你有冇～㗎？
周？,!zau1,小男孩陰莖的俗稱，兒語：賓～｜賓～仔｜你有冇～㗎？
,!gwing2,鼓起，凸起：牆身溼着水就～起身｜電池～成樣嘅仲使？
,!zat1,來回刷、搓：張檯要大力啲～先乾淨。
哪,!naai5,疑問詞，何、何處
抽？,!chau1,量詞，串，兜：一～鎖匙｜一～魚
污？,!wu1,（～糟）骯髒
稀,hi1,水分多：屙～屎；粥好～。
?？,!pok1?,（魚～）魚鰾
?,bok6,皮膚上腫起的包，皮膚受外力致傷形成的腫塊：起～｜蚊～｜頭上起䊆～。
立？,!lap6,（～亂）（～～亂）紛亂貌
吃,!gat6,（口～）（口～～）口吃，說話不流暢
墨,!mak6,（黑～～）很黑
劖,chaam4,用銳利的器具鑿或鏟：～開。
鑱？,chaam5,（～刺）刺扎入皮肤。
嗒,!daap1,含著而品味出聲：～糖仔｜～住粒糖。
䑜,dep1,小口品嚐：等我～下睇夠味未。
拍？,!paak3,①並排：兩條船～埋；②合作：～檔；③（～拖）談戀愛。
壆？,!bok3,一段時間，一段日子：呢～我都唔得閒。
搏？,!bok3,碰（運氣），鑽（空子），趁（機）：～懵｜～一～，單車變摩托。
痺,!bi3,麻痺，麻木：呢排成日手～腳～。
班,!baan1,量詞，夥、幫：成～人
偪,!,（?～～）（脹～～）飽滿的樣子。
扣,kau3,（魚~）魚胃
髉？,!bo1-lo4,（～蓋）膝頭蓋
,kwak1,牛用角?
歪,me2,歪，斜：佢最後一槍打～嘹，所以錯失金牌
歪,me2,左邊的：～手
䠋？,pe5,歪斜，或又見“pe5”
?？,pe5,①（因勞累或受傷而）姿態不正：做工做唨一日，人都～齊｜～下～下(行路蹣跚貌)；②[端]（人等韌性結構物）無力支撐而顯現疲態，軟塌，例句同前。
怶,!pe5,（生活工作等）失去熱忱：你而家個人咁～，咁將來我地走後你點攪啊。
？,pe5?,"差，次: 間屋你又冇執，咁～等老婆執咩？"
㨘,!shaang2,（～鏡）在照片或影片中顯得很漂亮、很上鏡。
Ｚ,!ji6-set1?,"現代英、法文字母最尾一個(法語：et zède，英語：izzard)。"
,!shau2?,「時候」之合音
㨃,!dui2?,"推: ～開道門｜佢響後便～矣我一下。"
?,he2,動詞後綴表催促(壯語：-awq)：食～好做工
生？,!chaang1,（架～）泛指用具、器物：攞啲～過嚟整下佢啦。
,ngang1,用力發聲：好大聲噉呅～。
？,ngang3,屏氣用力(壯語：aengq)：～屎
,nik1,苦澀：乃新會柑好～。
妣？,!bai6,母親的背稱
,!chui3,擦、抹:～乾净張臺。
位,wai6,位置、所在：你喺?～?
衰,shui1,品行惡劣、坏：䊆人點蚊咁鬼～嘅。
衰,shooi1,[粵]倒霉：～到貼地。
計,gai3,預有，算有：今次嘅活動我冇～有佢個啵。
皮,!pi4,（海）岸：海～
荒,!hwong1,亂丟、亂放東西導致雜亂、髒亂：?~地底。
煏,!bik1,陽光、熱浪強：日頭極～。
逼,!bik1,緊急：三日時間太～多。
？,!gwaat3,肚中缺少油水的感覺：肚~。
,!wik6/wek6,（~~）小幅擺動貌：風吹禾秧～～動。
悒？,!jaap1,（心～）心煩
盪,!tong5,液體晃動；涮洗
？,!gaa4,①鯁住，噎：～頸；②阻塞，擬聲詞
䁋,!hip1,閉目：～埋眼
冚？,!hom6?,①兩物之間接合得嚴：將個蓋扱～啲；閂～道門；門閂得好～；②（用蓋子、器皿）扣住、蓋住：搵隻緩～住佢；
胵,chi3,①鳥胃；②（鳥）內臟、五臟總稱：膍～｜腑～；③[粵]（腑～）物品的附件、配件：買台機送唨咁多～
爭,zhaang1,①相差：仲～幾多；②虧欠：仲～佢十文；③口辯：～交
?？,!wo5,（～蛋）變質蛋
㜺？,!zaan2,（～鬼）有趣
?,!naan3,粗縫，用綫稀連：～衣服｜件衫長過頭，～起佢｜先～幾針
搭？,!daap3,（冇釐～?）不踏實
??,ji1?,張開口：～開個嘴
婄？,!bau6,（漏～）①形容穿衣服臃腫；②形容做事笨拙、不小心；③形容形勢麻煩、棘手。
?,!pi1,器物邊緣破損
？,pi1?,指煮粥煮到糊狀：粥煲到～嗮
紕,pi1,紡織品破散：條衫～開嘹｜牙刷～矣。
,!nep1,蚊蟲咬
捻？,nin2,用力掐。
黸？,!lou1,鍋底上的黑煙子：鑊～｜沙煲～
綿？,min1,（米粒）被煮爛(壯語：minz)：粥好～｜粥煮到～晒。
,!mang4,（～塞）比喻不開通；思想閉塞、落後，愚昧无知。
,!zhat1,突然跌倒：～落水溝。
㓤？,!gat1,①（鳥）向下俯衝：硬骨鷂～落捉雞兒；②頭朝下往下落：打樓頂～落｜～落水(扎猛子)。
,!gwak1,磕，碰：～雞蛋｜門框～着頭。
,！ten/tin/taan,表皮龜裂脫落：曬～皮。
,!luk1,打聽，刺探。
戢,!tep2/tip2/taap2,鳥收翼。
容,!jung4,縱容、過分嬌寵：～得佢極懶。
毛,mou1,（雨～）毛毛雨、细雨
？,!ban3,"（～lok1 lok1）轉來轉去，形容人不安分的樣子(壯語：baenqloekloek)。"
？,laang1,（稀～～）形容液體稀、濃度很低。
？,laang1,（kwaang1～）空蕩
,!gau1/gou1,（媽～）老媼
實,shat6,一定、必然：～係佢｜～穩得。
通？,!tung1,（～㗎）疑問詞，如何，點：跟尾要～做？
朽,!nau2,腐壞的。
擠？,!zi1,擁擠
繃,maang1,"①使繃緊：～實啲；②緊繃貌：時間～～緊 (形容時間很緊張)。"
,mik1,掰開
掰,mok1,[粵]剝：～殼｜～開。
㞎,be,屎
泹？,daan2,（～水）用開水焯
頭,dau6,（老～）父親，背稱
,zit3,傷口遇水時的刺痛感
澾？,taat3,（～頭）光頭、禿頭
?,ding1,（鹹～～）味道鹹
分,bun1,給予：佢未～錢我。
海,,"廉州話、與廉州話有關的：講～ (講廉州話)"
,,（～酸）人體某些部位被撓後會感到的癢
,,（～neng4）哪裏
,,（aa1～）哪裏
馬,maa5,（鬼～）①出人意料而有趣；②[欽]古怪而搞笑的言行；③[防]形容人狡黠機靈。
打,daa2,助詞，表起點，後接“上、下、落”：頸～下都係naan3。
,!ngin1,（～ngan6）纏綿恩愛狀
膶,njeon6,動物肝部，避諱語
䍘,!mai6,陷入、隱入或鑽入泥中：那隻蛤～入叨泥乃(嗰隻青蛙隱入咗泥嗰度)。
＃,!pun5,①胎盤：～人(胎盤)｜～生婆(接生婦)；②引申為「笨人」意：～人。
雀,coek3,（～仔）泛指鳥類
円,jen1,日元，円
妖？,!jiu2,嘆詞，表不屑或嫌棄：～，隻人歧視同性戀噶。
,!saa2/saa5/shaa2/shaa5,（～仔）閣樓
交,!gaeu1,舊時對京族的稱呼：～佬
水,shooi2,"特指雨水、與雨水有關的：～衣 | ～鞋 | 落～"
超,!chiu1?,（墨～）墨鏡
,,（slap4～）吝啬、小气
,,（～mui4）吝啬、小气
?,!deon2/dan2,（石～）用來保持桿狀或帶柄物體直立的石座。
,!bui2?,尋、找。
緊,!gan2,（發肉～）（對肉體）有想掐、摸的衝動
企,!ki5,（～理）乾净、整潔
通？,!tung1,到處：～街｜～屋
,!bing2,（老～）上了年紀的人
?,!mui3,合音字，「不會」。
,!gep1/gip1,（一四～）乒乓球玩法，分「考試」與「上檯」。一人做莊接受衆人挑戰，挑戰者輪流試首球勝（謂「考過」）並試達三比零／四比一或二／五六領先二／七領先一或二過莊家以求勝並奪莊。
,!ge2,劣質，不耐用：～嘢。
笠？,!lap1?,於他人套上（不符實的身份、名號、指控等）：佢～單嘢到我身上｜我冇～錯你。
,hot3,磨以使利：～刀。
化,!faa3,（～算）划算，摹音北方話。
廓,kwaak3,①行街，蕩；②繞（路），運，䟒。
,!but1,靴(英語：boot)
B,!bi1,指智商：低～
得,!dak1,置於動詞後，構成「動詞+得嚟...」，表示「動作完成之後的事態進展（時間點或其他情況等）」：食～嚟都七點啦
,!se4/se6,瞇眼睛貌：瞇～｜眼瞇～～
,!sen4/sen6,（瞇～瞇～）瞇眼睛貌
？,!ko4,"擬聲詞，形容咳嗽：咳～～ (連續地咳嗽並發出聲響)"
飛,fi1,①[粵]乘坐飛機前往，飛機起飛：你幾點～北京？；②[粵]拋，擲：你唔好～支筆過來；③[粵]（用工具或手段）剪去：～髮(剪頭髮)；④除去：～冰(不要冰)。
走,!zau2,①[粵]快步走，快於「行」而慢於「跑」：唔好～，唔係我就開槍；②[粵]離開某地：～人(離開)｜～佬(跑路)；③[粵]（通常是在菜式或飲品中）不需要，不添加：～青(不加蔥)｜～糖(不加糖)；④[粵]避諱語，去世。
up,!ap1,①上傳(英語：upload)，也作「～撈lou1」；②（～主）（Bilibili視頻平台的）視頻創作者
down,!daang1,下載(英語：download)，也作「～撈lou1」
down,!daang1,情緒低落貌(英語：down)：你今日點解咁～嘅？
？,!men1,攤販：菜～｜果～。
練,!lin6,在長期耳濡目染下變得：～精｜～瘋｜～懵。
？,!zhiu6,（做引體向上般）手抓，以吊掛或用力上拉軀體：～住木椏。
三？,!saam1,（豬頭～）愚笨的人｜（bet1～）流氓，乞丐
牙,!ngaa4,[粵]牙齒狀的物體，現常特指螺紋：滑～｜唔啱～(比喻物體的兩部分不相互成對，或比喻兩人關係不和、難以相處)
尺,!che1,（合～）工尺譜其中兩個音，常用於指代音調：啱晒～(比喻同其他人品味、興趣、愛好相投)
合,!ho4,（～尺）工尺譜其中兩個音，常用於指代音調：啱晒～(比喻同其他人品味、興趣、愛好相投)
key,!ki1,（啱～）①（多樂器演奏或人聲與樂器相配時）音階或音調協和；②同某人相處得好。
likey,!lai1-ki2,對人或事有好感、喜歡或滿意(港式英語：likey)：佢個樣有啲唔～噃(他的樣子看起來有點兒不滿)。
mean,!min1,形容人（說話）尖酸刻薄(英語：mean)：佢平時好～㗎。
拉,laai1,①拖；②引弦演奏；③[粵]逮捕：～人兼封屋(逮捕人同時查封屋子)｜～晒佢哋返差館(把他們全都逮捕，並送到公安局)
雞,!gai1,（靜～～）形容聲音小，非常安靜，或沒有進一步動作
蠅,!jing1,（靜～～）形容聲音小，非常安靜，或沒有進一步動作
肯？,!hang2,用於“以……爲”結構，遵照某人意願、服從其利益，多貶義：冇得論日以你爲～噶
頭,!tau4,①（多指具有違法性質的）組織、團體等的頭領：哥～｜姐～(大姐頭)；②比喻習性不良的青少年
桶,tung2,（櫃～）（拖～）抽屜
牛,!ngau4,①（～話）指詈語，髒話；②形容人談吐不文明：十幾歲妹仔就學咁～。
"見 殟",,（fung1～）扇别人面部的巴掌：扇佢一～
少,!shiu2,"欠錢，爭：～錢 | 佢～我十文銀"
箍,!ku1,"（～臣）（～筍）(英語：cushion) ①（通常是木椅上的）坐墊，靠墊，抱枕；②桌球用語，桌球檯的橡膠邊。"
cool,!ku1,①冷淡，冷漠：你咁～嘅？(你怎麼這麼冷淡)；②平靜，不驚慌：你唔好喺度扮～喎。
雪,syut3,①雪花：落～(下雪)；②冰：～糕｜～櫃(冰箱)；③（放入冰箱）使冷藏，使冷凍：～起啲肉佢(把肉放入冰箱冷凍)；④（曾放進冰箱）冷藏過的，冷凍過的：～肉｜～蛋。
碧,!bi1,（青～～）青青的，慘綠色的，含貶義：做咩你塊面～嘅？(爲什麼你的臉青青的)
骨,!gwat1,（～子）（～緻）①精緻，玲瓏：呢條頸鍊都幾～喎；②比喻房屋雖小，但整潔，佈置有序：呢間屋都幾～喎。
?,!ke1,差，劣，水平低，同「屎」。
細,sai3,（老～）①老闆，舊稱商店主人。今泛指工商企業、公司行號的產權所有人；②直屬上司；③（本科生或研究生的）指導老師，指導教授；④對顧客的不正式但尊敬的稱呼。
樓,lau4,①兩層及兩層以上的房屋；②指樓房的一層：一～；③[粵]住宅單位：睇～｜買～(買房子)。
鮓,!zhaa3,（白～）①白海蜇，可供食用的水母種類之一；②[港]香港交通警察的別稱，因其舊制服手臂外會再包一層白衫袖，形似海蜇觸手而得名。
戢,cap1,（齊～～）所剪齊整貌：頭髮～。
?？,!cap1?/chap1?,①擬聲詞，利落剪物聲：～一聲剪斷；②利落剪、切物：～佢狗頭落來；③影相聲。
？,!kung4,（～鉗）淡水蟹的一種，體橫長橢圓狀、掌心大小，足無毛，背有品字形紋
坑,haang1,①（有水或無水的）地面凹陷處，大於“窞”：凹～｜水～｜糞～；②[粵]小渠、小溪：～渠｜羅～(地名)。
春,!chan1,（蔬果）時令，季：合～｜啱～｜過～
？,!gaet4,（濁～～）渾濁
？,!dam6,（～buk4）柚子
批？,!pai1,"租賃，出租：～屋 | 一樓～畀佢做小賣部。"
企,ki2?,（屋～）家
霍？,!fok3,（baak6～）形容人驕傲輕浮：沙塵兼～
白？,!baak6,（～fok3）形容人驕傲輕浮：沙塵兼～
?,!nap6/lap6,（濕～～）形容物件或者地方表面好濕
mon,!mon1,（電腦）顯示器，監視器(英語：monitor)
芒,!mong1,條件差，水平低：諗唔到你哋單位咁～嘅。
網,!mong1,以薄物或網狀物蒙罩或包裹：～書
？,!koe1,量詞，用於成顆成塊的物體：一～豬肉|一～黑痧|一～石子。
靈,ling1,機靈，精明：精～｜教～你
趁？,!can3/chan3,（眼～）眼睏，欲眠
善？,!sin4/sin6,形容人文靜，善良：隻妹仔好～
?,!lung1,迷（路）(壯語：loeng)：～路｜行～路。
榃？,!tam4,（牛am3～）牛窩，飼養牛的簡陋屋舍
暗？,!am3/om3,（牛～tam4）牛窩，飼養牛的簡陋屋舍
棚？,!paang4,"①（祖公～）祭祀祖先的祠堂；②簡陋的屋舍： 雞～(雞舍) | 牛～"
花？,!faa1,（說）多而挑逗、開玩笑的話，貧嘴的話：講牙～｜口～～
香,!heong1,有似某物的香味：～香水(有香水味)。
牽,!jin1/hin1,連線，搭線：～條網線回屋己｜～條膠(接一條塑膠軟水管)。
,!lung4,男性親屬，與母同輩而年長於母：姨～(母之姐夫)|舅～(母之兄)。
,!han1,分給，給：～你。
,!lan1,玩耍：上街～。
腮？,!soi1,指禽類喉下食物囊，嗉。
,!mak1,（姿～）①對外貌過度講究，亦泛指過度講究或挑剔：食嘢覅太～；②[立]自以爲是。
滂？,!pong1,形容粥稀貌：稀～～｜[立]liaau1～～。
水,!sheoi2,差勁，沒本事：～蟹(喻差勁者)｜～蟹公
,!laau1/lou1,（海～）海蜇，一種常浮游於海面的水母，可食用，如製成涼拌海蜇皮。
模,!mu4,（手指～）指，指印：簽合同要撳～。
閒,!haan4,①（～時）（平～時）平時、通常、平常：～佢係一隻好學生；②（～時）往時，以前：～未有條路。
塵,!chan4,（沙～）形容人威風或有氣勢、酷炫等的樣子：成日見隻後生仔坐部摩托車，冇識幾～。
沙,!shaa1,（～塵）形容人威風或有氣勢、酷炫等的樣子：成日見隻後生仔坐部摩托車，冇識幾～can4。
龜,!gwai1,貶稱人，傢伙：箇幫～又霸我屋地｜～仔。
莊？,!zhong1,①做莊家：～了好多次；②（東～）做東，請客
鷂,!jiu4,①鷹、隼、鷂等鷹科下體型較小的一類猛禽的統稱：～鷹；②（紙～）風箏。
繚?,!leu2,纏繞：攞條繩～兩～。
準,!zheon2,即便，就算：～你一餐喫二兩米，也够你喫一隻月。
堂,!tong4,（光～～）形容環境明亮、光線充足的樣子：呶間屋三更半晚仲光～～咁。
蒙,!mung4,（芋～）芋頭莖幹，亦指用其製成的鹹菜。
納？,nap1,（手工）縫，縫線：～衫|～皺|額頭～幾針。
,!ge6/goe6,⚠（大髀～）意義不明，「大髀」意為大腿，可能指大腿的某一部位
那,!naa6,地名用字，水田(壯語：naz)：～坡
稔,!nem1,"⚠地名用字，或來自壯語，意義不明：沖～ (一行政村名)。"
,!zung1/zhung1,用指關節敲擊：～額頭
,!daeng6,（吊㢥～）形容懸吊貌，常不穩：盞燈冇裝得穩，成日～去。
㢥,!dung6,垂直貌：吊～埞
背,!bui6,偏僻：隻飯店～到冇人搵得到。
臭,!chau3,有似某物的臭味：～尿薟(有尿騷味)｜～豬屎｜農村到處都～牛屎個。
氣,!hi3,（令人不悅的）氣味：～度(體味)｜老人～(老人臭)。
,!dok1,對老年人的蔑稱，可用於老年人自嘲或稱呼自己的伴侶：公～|嬤～|我屋己有對死公～死嬤～。
點,!dim2,疑問詞，提問方式，怎麼：～算？｜[梧]～蚊(如何)｜[欽][防]同～(如何)
濛？,!mung1,（白～～）白花花，白嫩：佢仔生得白～～。
肢,!zhe1?,（胳肋～）腋窩
南,!naam3,（越～）對越南的戲稱(越南語：Nam)
,!ngaat3,一種會叮咬人而致癢的小飛蟲，癢感較蚊子不明顯：～仔
,!njung3,"（趁～）湊熱鬧，看熱鬧：你冇睇書又趁乜njung3 e3？"
？,?bui3/boi3,棉桃，棉花：執～|棉～。
？,!feu6?,（礊(fak4)～）形容人輕浮放蕩
澀？,!gep1?/gwet1?,（酸～）食物有明顯的酸味：啲菜酸～酸～个。
浥,!jep3,（小兒排瀉物）滲出：～屎｜～尿
痀？,!gau1,（蝦～）（蝦～笪）蝦蛄
收,!shau1,"①束縛：～腳(束脚)| ～腳褲(束腳褲)；②收束，約束：～心。"
,!ke1,K粉，一種合成毒品：～粉|欶～
嗨,!haai1,（～粉）K粉，一種合成毒品(英語：high)
,!dui3,（火～腸）火腿腸
水,!shooi2,河流：條～喊做乜江？
托,!tok3,（摩～車）摩托車
公,!gung1,"指大詞綴，與「仔」相對：碗～| 皮鞋～｜攞隻碗～來食晚。"
下,!haa2,（～子）完全地，整個地：～傾落|～喫齊。
線,!sin3,（禾～）稻穗。
睡,!shui4,（眼～）眼睏，欲眠：一上數學課就冇識幾眼～。
蔞,!lau1,"胡椒科胡椒屬(Piper)一類植物的統稱，其葉可作調味料或裹肉成菜等：～葉(P. betle)｜蛤(gop1)～(P. sarmentosum)｜假～(P. sarmentosum)。"
,!paang1,（煙～～）形容煙塵大或風沙大｜北京煙～～去。
,!caau3,調皮，貪玩，不聽話：～仔｜學校啲有幾隻細佬哥～到死。
齋,!zaai1/zhaai1,①祭祀，法事：喃～(诵经超度，也比喻說話或唱歌時念念有詞，且讓人聽不清楚或聽不懂)｜做～
談,!taam4,（～婚）以結婚為目的的談戀愛：我準備摟一隻靚仔～。
sir,!shoe4,（阿～）對男性的敬稱，多對男教師、警察使用(英語：sir)
加,!gaa3,（星～坡）（新～坡）東南亞城邦國家名(英語：Singapore)
啫,!zhe1,"譯音字(英語：jelly, gel)：～喱｜～喱水。"
癟,!bet1,流氓，乞丐(吳語：pih-sae1)，可用於辱罵：～仔｜～三
越,!wet6,（～南）對越南的戲稱(越南語：Việt)
那,!njaa3,「你阿」合音，出現於詈語中：屌～㜷｜屌～奶｜屌～媽｜挑～星
蘭,!laan1,<白>譯音字：荷～｜～豆(荷蘭豆)
晝？,!zau6/zhau6,⚠季節
擂？,!lu1,⚠毆打
,!jo1,⚠（～風）起哄
茄,ke1,<白>紅桃～(玫瑰茄，洛神花果)，常用於泡酒
,!ke1,（lai1～）楊桃(越南語：khế)
？,!lai1,（～ke1）楊桃(越南語：khế)
擔,daam1,①用擔挑運送物件，挑：～水｜～擔(daam3)；②用手提，搬：～梯｜～凳；③用手舉起：～遮；④接受責任，負責：～起頭家
鎗,!chaang1,炒菜用的鍋，即「鑊」：～蓋|洗～|～㞘。
？,!lai1,糟蹋，弄髒。
？,!nam1,無能，差。
？,!gak6/kak1,①（馬～）臺階；②量詞，用於一級臺階。
⿰米蒙,!mung1,鬆散，偏粉狀或粉質，不黏，一般用以形容富含澱粉之植物塊莖及生果，即口感非爽口：～蕃薯(粉蕃薯)｜條蕃薯好～(條蕃薯好粉)。
？,!ziu3,量詞，用於一下輕微接觸的動作：搣～佢|着蜜蜂dyu3～|[鬱]ming2～（吻一口）。
?,an3,[粵]估量長度、時間等(壯語：aenq/?)：～～幡被幾長｜你自己～住時間冇遲到
壓,aap3,<白>[粵]強迫(壯語：aep)：～佢做工。
?,!au2,紫色(壯語：aeuj)：～色｜～黑｜玫瑰～。
批,pai1,粉刷：～灰｜～鐋｜～墙根。
怉,bau1,（肚～）肚子(壯語：baeu/baeuz，懷抱，懷中)：佢～大嘹。
？,bau1,身體（多指臉和肚腩）肥滿有肉，圓鼓鼓(壯語：baeux，小孩和動物肥壯)
排,paai4,一段時間：近～｜有～
?,baan3,①[粵]擊打，拍打：～佢一身；②[粵]向下擲：幫我順手～丟啲垃圾去喴｜～炮(摔炮)；③[粵]倒下：個蔸樹突然間～落來矣；④[粵]擱，搭：～條衣裳在架上高。
？,peu1/piu1,（幅度較大的）側踢。
,be1,多餘的，並生的，本或作“裨”：～腸(闌尾)。
孖,maa1,①雙生子；②[粵]成對的，雙生的，相連的
?,pen4,攀爬
螃,pong4?,（～蚍）蜻蜓(壯語：biengzbeih)
泵,bam1,一種能把液體或氣體抽出或壓入的機械(英語：pump)
?,pung1,白嫩而鬆軟：白～～。
?,pung1,猛衝，躥：落咁大雨你仲～出去做乜嘢？
?,pu2,①眼矇：眼～：②[立]模糊。
,fen2,外翻(壯語：bywnj)：～嘴脣。
躧,shai1,①走路不穩(或自壯語：cae)：行路一～一～；②晃蕩：條船～來～去。
鑱,chaam4,（細小物、光線等）刺：～眼。
湊？,cau3,"和，同： pon2/pan2轉頭～後檯傾偈"
?,chong4,呻吟：冇錢也冇使成日～。
櫂,zhaau6,（以櫂）划船：～船
㿭,chaak3,（聲音）沙啞。
㿭,chaak3,（皮膚等）因乾燥而成的破裂：你隻手背爆晒～
撏,cim4,扯、拔（禽獸毛）：～雞毛
？,zi1?,"乳頭：㜷～｜?～｜～～(zi4 zi1)"
？,shyu3?,（淡～～）味寡。
撴,dan3,擊打
抌,dam2,重击：一炮～过去｜～佢一拳。
？,dam6?,盡：行到～｜～頭｜～㞘。
?,dom6,踏，跺：～下隻腳。
凼,tom5,水塘，水坑：水～
扽,dan3,①搖動，撼動：～一下；②[粵]顛簸不平：嗰橛路冇識幾～。
殆,dai1,①死亡，逝世；②事情搞砸，完蛋。
姼,!daai1,①阿嬤，亦泛指婦女：嬤～｜～嬤｜牀～嬤(牀之守護神)｜月～～(月娘)；②指外家：～㜷屋
探,taam3,偵察打聽：～口風(打聽別人意圖)
探,taem3,<白>同“<文>”，侦察打听：东～西～｜～水(試探)
添,tim1,助詞，放在句尾作補充、強調：佢撞到人冇單止冇道歉，重鬧人～。
啲,di1,①[粵]表示不定數，本或作“滴”：嗰～學生真係難教；②[粵]助詞，表示方位：邊～。
尐,dit1,少量，若干，一説自「滴」：一～～
垌,dung6,田地，多用於地名(壯語：doengh)：出～｜田～。
褪,tan3,①退後：趨前～後｜～車｜[穗]～軚(退縮)；②[梧]泛指挪動、騰出
墩,deon1,量詞，堆：一～垃圾。
鬭,dau3,[粵]接合、拼湊（木料、機構等）：嗰張凳系用海南黃花梨～噶|拼音我都冇識打，都係～做，～字噉～。
陀,to4,（暈～～）[粵]醉酒的樣子
䂿,dap6,[粵]打，捶打：～佢一身。
䊦,et3,用米粉、麵粉等做成的糕點一類的食物：茶杯～。
,fat1/fak1/faak3,鞭打
拂？,fat1,摔脫，甩
?,fit1,①（以鞭、枝條）輕輕抽打；②（多指不經意地）輕扔，輕拋：佢就捉部車隨便～在路邊。
幡,faan1,①抹布；②[粵]量詞，衡量布塊（壯語：fan）：一～被。
?,ham1?,拿：你～住本書先。
撳,gam6,用手按：～掣
?,gau4,<白>[粵]怒視：眼～～｜佢通時肯～我。
楷,!kaai2,量詞，用於柑橘、瓜等果肉的小塊，瓣(壯語：gaiq，塊)：一～碌柚
?,naam3,①[粵]跨：～步；②一步的距離：幾～腳遠。
竭,git6,<白>（因缺水而）硬而黏稠：嗰碗粥太～。
蛤,gop3,蛙類：～乸｜～?。
？,kong5,蟹螯，蟹鉗。
焗,guk4,①泡：～茶｜攞菊花～水飲；②燜：～熱啲菜；③烘烤：～雞｜～番薯；④悶熱：屋裡頭好～；⑤用煙熏：～老鼠。
拱？,kung2,彎(壯語：gungj)：～腰。
搉,kwok1,（用指節）敲擊：～門│～頭│～腦殼
㘢,kwang5,[粵]兜圈子(壯語：gvaengx，㘢/?)：～來～去｜～～轉(團團轉)。
?,gwaai5,①瓢：兩～水。；②舀(壯語：gvaix).
钁,kwak1,①鋤頭；②挖掘。(壯語：?，音kvak)
?,gwe2,[粵]皮膚滑膩的蛙類動物：爛～｜蛤～｜～仔。
？,kwaang3,丟(壯語：⿱狂丢/gveng)
䟒？,gyun6,繞道，兜圈子（壯語：gvinx）：人民路塞死咧，～打江濱路過|～來～去總冇見有加油站。
?？,kwak1,砍、劈：～竹～木。
？,lep6,驅趕。
嶔,kang3,"<白>（半lang3～）比喻做事做到一半(壯語： buenqlangxgyang)。"
慳,haen1,①吝啬：～?；②節省，節約：～出兩升油錢。
肯,hang2,①許可，願意：我冇～；②使，令人：～惱
肯,!hang2,①[粵]容易，趨於：食多～肥；②[粵]慣常體標記，常常，比“慣”更客觀：舊時佢～在江邊啲執螺｜未有河堤陣時江水～浸到老街去。
?,ke1,[粵]糞便：屙～。
?,hong6,指未孵過蛋的雌雞，慣寫?，俗寫項
㗇,haa1,①[粵]欺騙；②[粵]欺負，歧視：捱人哋～
?,han4,①[粵]還：～有｜～係；②更，更加：～加。
姣,haau4,淫亂、放蕩：發～。
墟,hyu1,①鄉村集市：[粵]趁～；②鄉村：～落
許？,hai3?,①給予(壯語：hawj)；②被動
？,hyun1,鬆動(壯語：honz)：螺丝～，牙～
痕,han4,癢(侗台語)：周身～。
㷫,hing3,①[粵]發熱：頭殼好～；②日照猛烈：熱頭好～；③[港]加熱：～熱啲湯畀你飲啦！
咿,ji1,"[粵]（～呦）不認真，不莊重，馬虎(壯語：ih yau，吳語：iu iau)。"
？,jiu2,（咿~）不認真，馬虎：咿~。
垃,laap6,（～雜）雜亂：冇食咁多～嘢。
迾,laat6,[粵]量詞，列(壯語：lad)。
䆡,lang6,寬大、空闊：寬～～｜～䆲｜～䆡。
朗？,long1?,光亮強(壯語langq)：天～|盞燈咁～。
岑,lang3,"<白>（半～kang3）比喻做事做到一半(壯語： buenqlangxgyang)。"
塱,long5,地名用字，同“埌”(壯語：langx，面積很大的有水窪地)：元～
埌,long5,地名用字，同“塱”(壯語：langx，面積很大的有水窪地)：～東｜～埌塘(爛泥塘)。
?,laau3,遺漏：睇～眼。
？,let6,塗抹(壯語：led)。
？,long1,炫耀(壯語：liengh)：你冇要成日～你條頸鏈。
？,len3,喜歡，貪戀(壯語：lienh)：二姐極～行街。
?,lem6,量詞，瓣：一～柑果。
？,ling6,（laap1～）(壯語：laeblingh)閃電
坽,ling3,①（坡）傾斜，陡：隻坡夠～；②[粵]斜坡：上～；③[粵]傾倒：一咀～咁多辣椒油落去，你冇驚辣㗎？
嫽,leu5,①玩：出去～；②玩，把玩：～游戏｜個game好好～。
嘹,liu4,本“了liu4”，句尾語氣詞，偏陳述語氣的完成體助詞：啲書擺好～。
轆,luk1,①輪：車～｜四隻～；②[粵]圓柱形物；③[粵]使滾動：～隻球過來。
冧,lowm3,[粵]①塌陷；②崩潰，倒閉。
?,lang3?,①物體掉落：杧果～落；②弄丟；③忘带、遗落
熝,luk4,①燙，溫度高：啲水冇識幾～；②（以水）燙；③一種烹飪方法，用熱水汆燙：涫水～豬腸｜～麪條；④一種烹飪方法，稍作水煮：～雞蛋。
甩,lat1,①[粵]脫落，掉落(侗台語)：～皮|～牙｜～骹(脫臼)｜～色｜褲～～；②[粵]丟失；③[立]脱下，除衣物。
？,luk1?,捉弄。
㦛,jo4,<白>[粵]嬌縱：～慣勢。
圞,lyun1,（圈～）圆圈
㨆,lam1,[粵]以手探取：～衫袋｜～納袋
論,lan3,反复議論，談論：佢通時肯捉舊時啲嘢擰出來～。
?,meng2,高興：～戚戚(興高采烈貌)
劘,mai1,①切，削礪：～皮｜～筆；②[粵]用指甲等物壓出痕：～落啲肉度好痛；③[粵]刻苦鑽研：～書(刻苦鑽研)｜～家(做題家)。
踎,mau1,①（雙腳彎曲地）蹲；②因際遇不好而長期逗留：～監(坐牢)
樸,buk6,[粵]柚子（壯語：makbug）：～子｜dap4～。
孭,me1,[粵]揹負：～仔
？,mat1,摘(壯語：mbaet)：～花｜～橘子。
,maai1,（～殼）水瓢
？,bet6?,溼，稀(壯語：mbat/bwd)：溼～～｜～～屎
?,miu2,歪：～嘴｜嘴～～|冩～字。
?,bat1,[粵]（用瓢、勺等）舀：～飯
冇,mou5,①沒有；②不。
冇,mou2,不要，“毋好”之合音。
微,mi1,①（酸～草）酢漿草；②（酸～）指生津的酸味。
?,men3,①近邊緣：冇企咁～｜啲嘢放到咁～好易跌㗎；②[粵]引申爲驚險之地；③（～～）剛好，將將：～達到要求
糜,!mui4,（肉）爛、口感不好：肉～～。
?,mang2,不鋒利，鈍：把刀～嘹。
歿,mat1,<白>①霉變腐朽：臭～；②[粵]運氣、手氣差：今日夠～哦！
焫,naat3,①同“爇”；②中醫療法，火燒針、艾絨以刺激體表穴位：炙～；③[粵]泛指用器物燙，烙：～着(點燃)；④[粵]（器物等）炙熱。
諗,nam2,<白>[粵]思考，考慮：我～緊條題。
腍,nam4,①熟爛，鬆軟：～癟癟(鬆軟、綿軟)；②脾氣好，性格和善：～善；③（睡得）熟：佢瞓得好～，叫都叫唔醒。
邇,nji1,[粵]指示詞，表近指：～本書係我噶，嗰本書係你噶，啊本書係佢噶，哪本書係乜人噶？
?,nen1,①乳房；②乳汁。
椏,ngaa1,樹木的分枝處
?,ngai1,[粵]懇求：～阿媽畀錢。
婗,ngai1,<白>①[粵]形容極小：細～；②[粵]形容小氣，吝嗇：細～｜～絲。
伌,ngak1,點頭：～頭。
吟,ngam4,（～沉）（～～沉沉）喃喃自語，念念有詞，亦簡作「吟」：阿公成日自己在啲～。
吟,ngam6,①囉唆：佢直個～，～到我煩澌；②經常談起：佢～咗好多勻話要去睇你㗎喇。
餓,ngo6,嗜食：你阿公極～肉。
捱,ngaai4,①拖延：～時間；②承受；③表被動，相當於“著”，多指遭受不幸：～講(被批評、被議論)。
啱,ngaam1,[粵]①恰巧：～好撞見；②對：講得～；③合適：～心水；④合得來：大家好～；⑤近過去體標記，剛：電影～開始。
嶅,ngou4,①動搖；②[粵]使動搖，搖動。
?,nguk6,左右搖晃：～來～去｜～旗
戇,ngong6,愚蠢：～佬
?,naa1,①粘貼：～墻紙；②相關連：～更｜～褦。
粈,neu1,①黏的，粘稠的：一般正宗的蜂蜜係比較～噶；②[粵]粘起，使黏結：～對聯。
捼,no1,同“<文>”，搓揉：～出泥。
朒,nuk1,[粵]肥胖的樣子：肥～。
?,nom1,緩慢，遲慢，遲鈍：～糯。
鬞？,!nawng2,（吊～～）(壯語：nungjnangj)①下垂擺動貌；②吊兒郎當貌。
䵒,nik1,①（特指表面）有黏性：張檯未抹干净，仲～一～｜～??(黏糊糊)；②[戎]行動緩慢、網速慢。
細？,nai3,細，小
皺,njau3,<白>皺，起皺(壯語：nyaeuq)：條衫～～個｜～額頭。
啀,njaai3,咀嚼(《古壯字字典》，壯語：/nyaij，也作“”，越南語：啀/nhai)：啲牛肉太韌嘹，冇～得?。
炠,njaap3,刺癢：身～｜～?。
?,!njaa3,①食物殘渣(壯語：nyaq)：甘蔗～；②[粵]蠻橫不講理。
？,njat1,[粵]瘦小：隻妹仔咁～吶！
閼？,at1,①強行給予，硬塞(壯語：oet)；②塞擠：～實。
屙,o1,排泄大小便：～屎｜[欽]～??(童語，小便)
攞,lo2,①拿，取：～來。②表方式、工具，用：～火燒。
欄,laan1,（飼養禽畜的）圍欄
?,le1,①攔江網，魚網；②[粵]受攔、受絆：～到石球；③[立]撒網：～網。
盪,long2,<白>①洗滌；②[粵]裝水來回滾洗：～口｜～口盅。
?,laai2,（用力）舔起，用舌頭掃
?,lem2,[粵]舐，舔。
樚？,luk6,名詞，小型的飼養牲畜家禽的圈：豬～
搡,song2,[粵]亂動：～得一身汗｜～喽喽(掙扎、亂動)。
?,lung3,鬆，鬆馳，鬆動(壯語：rungq/lwngq)。
,sap4,大口吞：～佢一口。
噻,sak1,①[粵]不定指，有的，某一：～日｜～輪冇上課都冇問題；②（一～?）一不留神：～冇記得帶遮出屋。
擤,sang3,用氣排出鼻：～鼻涕。
漝,sap1,零碎的，零散的：～碎(零碎、瑣碎)。
？,sak4?,（醒～）①同“醒水”(壯語：singjsag)，聰敏；②警惕：我睇到有人跟我即刻～嘹。
嘥,saai1,[粵]①浪費：～時間｜～壞(浪費)｜冇食得咁多又要?咁多，搞～啲穀米去；②可惜：差一隻數字就中一等獎喇，～哦。
?,saap3,蟑螂：騷～｜～蟲。
曱,zaat6,（甴～）一類蜚蠊目昆蟲，蟑螂
?,sau6,狠打(壯語：sauz)。
?,sep3,辣痛：～眼。
順,shan5,（薯、芋等）脆生，不鬆軟：～水(脆而不軟糯)。
腎,shan5,[粵]傻：～仔。
恤？,sat1,理睬（多用於熟人之間）(壯語：swt)：冇～你啦
拂,wat4,揮，擺，晃動：～旗，～尾。
呿,!we2,喫的太多，吞不下去，吐出來了
伝,wan4,人（壯語：vunz），多見於地名或歌謠：～浮｜～良｜～石（於玉林大塘鎮）。
熠,jaap3,閃爍，閃耀：燈一～一～。
湆,jaam3,"①水慢慢滲漏：水～出來｜個隻桶～水；②將物品略溼於水：～下條手巾；③以水慢慢 滲入：～花｜～田。"
熠,jaap3,眨(壯語：?，yaep)：～眼
搊,njau1,提起：～褲頭帶
,je1,擋，蔽
癮,jan5,①上癮：爛～；②[粵]非常喜歡，特別感興趣：～畫畫。
慾,juk6,①（以物）引誘、炫耀：行開，你冇喺度～我；②怂恿，唆使(壯語：yoeg)：佢～我出街。
看,hon3,特指放養並留心牲畜，即“睇”：～牛。
看,hon1,①飼養：～豬｜～雞；②養育：～仔。
糶,tiu3,賣出糧食：～米。
法,fet1,（符～）法術
把？,!baa2,放在數詞爲1的金額單位後（省略数詞），表示表示不多的金額：蚊～紙，毫～紙
囂？,!keu1/kiu1,不聽話，不順從：三姊妹至～就是你。
現,!jin6,清晰，明顯：冩～啲，冇㗎坐遠黑板嘅睇冇見｜你額頭粒癦痣幾～。
？,!han3,勞累，攰
?？,!lan4?,（惡死～噋）凶神惡煞的樣子
烚,!hop6?,（㷫～～）熱所以熱氣升騰貌，亦指（因情緒等）人發熱
竉？,!lung1,鬆弛、中空而通透：褲腳好～，可以挃多條秋褲落去｜～曠曠(稀疏貌)。
膿,!nung1,①腥臭：臭～；②喻貪腐的：～官。
總,!zung2,都，皆：街上～是車。
匠？,!coeng5,出色，能幹：真～！一個人做三份工｜梓醬最～！
薟,hem1,（膿～）腥辛味
？,mang1,（～膎）眉目間的疤痕
?,lek6,①用刀劃開（不割斷）：將條魚～開|～開片；②[鬱]裁割，裁切：～成兩邊。
摙,lin5,搬動：～啲衫出去曬一曬|～啲柴落車。
潞,lou6,將容器內的液體倒入另一容器。
㨆,lam5,理直，順直：～直條辮|～髻
仲？,!zung6,（～日）昨日。
邇,nji1,指示詞，表近指，同“邇ni1”：～度係我屋。
毣,muk1,①猜，估計：我～佢都會來嘅|～數；②（測～）掂量，斟酌：～下要使幾多錢；③（測～）約計，大概，大約：個袋米～有五斤｜～稱兩斤番茄畀我。
?,sam6,壞，邪惡：你咁～嘅|～人|好～。
？,!jung4/5/6,（～筍）筍乾。
圿？,!kaai4,不順滑，有摩擦感，表面粗糙：摸起身有啲～
抽,!chau1,指玩電子遊戲機：～機|～大機(打街機)
咪,mai5,唔好，或合音自「唔愛」：～行咁埋。
,njaeu3?,植物枯萎
,lai2,撞
,nge1,量詞，枝
,pe1,竹織的一種門扇
,cuut1,裝垃圾等的工具
,suut1?,肘部
趿,taat3,（身體、鞋等）在地上滑行移動
,jet3,滲流
,set3,流出
,let2?,刮鑊碗之類
,ngaat3,倔強
,sap1,抽拉
,sop1,①唆使、欺騙：冇聽佢～；②理睬（多用於陌生人之間）
喢,saap3,[粵]胡言：最獳嗰種人喔，又冇識又要亂～。
歃,saap3,①理睬：佢跟啲講了一日，其實冇有人～佢；②[欽]（～?）指對方胡言或想法不切實際
,taep3,偷看
,njong1?,松樹落葉
,neng2,植物微萎
虹,gawng3,（龐～）彩虹
？,!njuun1,膩：喫～了。
,luun2,看管小孩
?,den3,碰撞、碰觸：捱車～到。
,jam4,感覺舒服
莢？,haap3,①某些植物上的葉柄：竹～；蔗～；②菜類外層的梗，菜幫子：菜～；③豆類的殼：豆～；④量詞，一葉，一片；⑤[蒙]（指～）指甲
掐,haap3,量詞，用於一小把青菜
口,hau2,量詞，用於釘子
,paa1,（～?）補丁
,guut6?,量詞，捆
,man3/6,量詞，塊：一～磚
,maai2,量詞，飯店菜，份
？,nin2,量詞，大塊生肉：一～肉
,diu6,存留
豶,fan2,（～豚）豬
勥,goeng6,勉強
毈,dyun6,蛋將壞
,nam4,（鼻～）鼻發炎而不通
味,mi6,[粵]嗅：你有～到燶味冇？
味,mi6,[粵]（食物）入味：盤菜～嗎？
?,doe6?,（圓dam4～）圓貌
,ching3,①提起：佢好大力，成百斤嘢都～得起；②揪住（人）：～佢去派出所；③（抽～）挑剔
擏,!ging6,小心
儆,geng6,"（～惜） 珍惜。"
摷,!zhiu6?,打
？,zhet1/zhit1,擠壓使從孔出：～牙膏｜～青春痘
,!zhit1?,液體濺射
淰,nam6,①（衣、被等）含水多，溼透：浸到～；②水分多而粘稠：～粥
？,nam4,（～水）溫水。
罯,ap1,①敷：～藥｜～手｜～腳；②培土｜～花｜～泥
㳌,ap1,①陰暗潮濕不通風：～味｜～臭；②（～㴙）地方淺窄、簡陋；③濕物覆盖在表面：解件濕衫去，～在身上容易感冒。
㴙,!zap1,（㳌～）地方淺窄、簡陋
鈒,!zhaap6?,（～骨）用機器幫布料包邊。
鬇,!zhaang1,頭髮蓬鬆凌亂：起～
枕,!zham2,長期不斷，常加“住”：～住｜～長
喴,!wi1,擬聲詞：～哇鬼叫
?,!wet1,出街玩樂：去～
?,!wen1,小巴、小麪包車(英語：van)：～仔
挺,!ting2?,量詞，種，種類：呢～人抵佢死！
？,!taat3?,（～沙）一種比目魚
燂,!taam4,輕灼表面：～下啲豬腳毛
?,!shoe4,（烏～～）傻貌
謆,!shin3?,陷害：佢唔認罪，仲話自己係畀人～嘅啫。
孱,!shaan4?,軟弱：～仔
蟊？,!maau4,詐術：～賴
伩,man1,（細～仔）儿童
㦬,!lo3,尷尬的：～爆
?,!lo3,（塑膠、頭髮等）燒焦味：臭火～。
?,!looi1,大：大隻～～
㾓？,!jyun1,（眼～）無眼看
喼,!kip1,（～汁）一種調味汁
?,!ti4,用於表示顫動的詞語：～～震｜發～揗
?,!di4,打冷顫：～～震
哣,dau6,（發吽～）發獃
鯭,!maang1,（泥～）一種生長於混濁水中的魚
㓢,!lok1?,用鉗等將硬物拔出或者扭斷，剝：～牙
,!lai6,轉：～手掟咗佢
矋,!lai6,怒視：眼～～
緄,!kwan2,鑲邊：手指甲～澌黑邊
䐘,!koek6,大笑聲：～～聲
葾,!jyun1,腐臭味：臭～｜～崩爛臭
餼,!hi3,飼餵（畜生）：～雞｜～豬
!恆,!hang4,①極盡：油門踩到～；②繃得緊：彈簧挨扯到咁～
?,!gwi1,（～～呱呱）吵鬧聲
躀,!gwaan3,絆，纊：～低。
攻？,!gung1,氣味強烈：～鼻
,!gwang2,（ging2～）不可告人之事
,!ging2,（～gwang2）不可告人之事
寣,!fat1,小兒啼哭：喊苦喊～
䭔,dooi1?,（煎～）油渣糯米球，外附芝麻，可有餡。
耽,!dam1?,拖延：～時間
眧,!chiu1?,（眼～～）目光帶挑釁
嗤,!chi1?,（吃～）噴嚏
咇,!bit1,液體由小孔噴出
睥,!be1,久盯
鏰,!bang1,銻銀，硬幣。
悈？,!nget6/ngat6/,（老～～）老貌
氈,!zin1?,（～酒）一種穀酒，一般用杜松子調味(英語：gin)
些,!se1,天主教堂(葡語：sé)
貓,!maau1,人品、能力差(葡語：mau)
嘟,!du1,第二人稱單數，「你」(葡語：tu)
哨,!?saau3,鹽(葡語：sal)
霄,!siu1?,天堂(葡語：Céu)
飽,!baau2?,麪包(葡語：pão)
骨,!gwat1,四份一(英語：quarter，葡語：quatro)：～度
先,!sin1,是(葡語：sim)
噥,!nung1,否(葡語：não)
砵,!but3?,（～酒）紅酒(葡語：porto)
撻,taat3,軟心碟狀點心(法語：tarte，英語：tart)：蛋～
啡,fe1,①咖啡(葡語：café，法語：café)；②咖啡般的：～色；③簡稱某種咖啡：凍～｜奶～｜齋～｜淨～
？,!diu1,①（亞～）叔(葡語：tio)；①（～阿）姨(葡語：tia)
？,!cham3,言語嘮叨，囉嗦：～氣
？,!gaa2,常用於回答語，放在動詞後，表示肯定及強調：得～，做～。
爆,!baau3,（眼～～）指眼睛充滿憤怒仇恨
下,!haa5,常與「動詞+得+～」構成短詞組，強調該動作值得，有價值，有意義：可以～，睇得～
䒐？,mang4,脾氣暴躁
跟,gan1,介詞。從，自。一般用於地點位置：～箇邊上。
的,dik1,出租車，計程車(英語：taxi)：打～。
鍝,!ngoe3,①用刀來回劃以割開；②宰殺：～鷄｜再吠就～咧你！
支？,!zhi1,量詞，義同「隻」，多用於較小的：一～雀。
頂？,!deng2,以手提物：冇～得?
?？,!ngot3,詈語吞音，“我屌”
㑷,!nang1/3,①第一人稱，本或作“儂”；②（～古話）羅定的一種勾漏粵語，因人稱得名。
弱？,!njo6,無力，疲累
起,hi2,建造：～屋。
㚊,!gai1/kai1,「咁閪」或「極閪」的合音：隻西瓜～甜。
？,!shyu4,（～～）（屙～～）兒語，小便。
？,!shyu1,爲小孩子把尿：～尿。
？,!joeng3,供奉，上供：供～。
鴨,aap3,男妓。
雞,gai1,妓女：做～｜～婆。
篙,gou1,（竹～）竹竿。
？,!kan3,節約出來，留出來，剩：記得～啲飯畀老豆|公喫頭，婆喫尾，～出中間分老李。
挪？,no3,移動：～開
型,jing4,（男子）形象佳，有氣質，帥氣：有～，好～
入,njap4,結賬計數時，算入某人的賬：～我數
波？,!bo1,"指洗髮水，沐浴露等(英語：shampoo,「poo」)：洗頭～｜香～｜梘～"
枚,mui4,（猜～）劃拳。
脢,mui4,①近項的夾脊肉：[粵]～肉；②（背～）背部
,!nam4,身孕：馱～女|生～女
飲？,!jam2,（米～）米湯
,!wong2?,（左手～）左撇
含,!howm2,（豬～腮）甲狀腺腫大
,!teng2?,（疤～）（天花留下的）疤
,!bi3,（扁鼻～～）鼻塌貌
,!lan2,重孫：～仔|laan1～
？,!laan1,①孫：～兒|～女；②侄、姪：～女
？,!kem3/gem6,兩山之間低凹狹窄處，山谷
？,!shi1,（～坡）坡地
？,!faat6,（熱～～）極熱
梗？,!gang2,形容人固執且性急。
？,!nan2,動詞，針，錐，扎：～針
？,!ban2,掀：～被
?,!naap3,（鐵～）裝野獸的鐵夾子
侫,!moeng6,“乜樣”合音
佭,!goeng5,①“箇樣”“噉樣”合音：～就好喇；②[欽]（一～）若如此：～你去頭先喟。
哪,!no5/no3,提問處所，“何處”：～坭？
坭,!ni1,表示處所，“度”(越南語：nơi/坭)：哪～？｜?～。
㒄,!nan4,②第二人稱複數，“你人”；②泛指第二人稱單數：屄～乸
伝,!wan4,①第一人稱複數，“我人”；①泛指第一人稱單數：[靈]～隊(單數)
㧾,!fat1?,推打：～落地坭。
？,!howm3,旁邊：屋～邊
？,!mum2?,以嘴拱：豬～地
？,!me1,小
砌？,!ci5/cai5/chi5/chai5,打
？,!ben3,捲起（衫袖）：～衫袖
跋,!but6,跌倒：跌～跌～
涮,!shaan3,擦洗：～鑊頭
卙,!chap1/cap1,（密密～～）密密麻麻。
龕,!hom1,（供～）上供
軚,taai5,[粵]方向盤，或自「舦」：打～｜～頭(方向盤)。
舦,taai5,[粵]船舵，一説自「舵」上古音：把～。
㒟,!neu4,形容體態苗條優美：～～
踔,!chaau5,到處踩踏、騰跳：～竇
簞,!daan1,竹製框：籮～。
應？,!jing1,平，便宜
塍,shyng4,①田間、圃間的土埂：田～；②小堤：～埒。
基,gi1,①堤壩；②田埂。
嘐,!lou4,（～嘈）喧鬧，亦形容孩兒調皮。
剽？,!peu2,割、削（草葉末端）：～草
挼,!njooi1,擊打，拳打，亦見“㔣”：～佢一拳
窅,!aau1/ou1,深目貌：眼～～。
,!chuut1/cuut1,①糞箕一類的工具；②動詞，鏟（垃圾）。
?,!nat1,疲倦：手～。
腈,!zing1,（～肉）瘦肉
撩,!leu4,捉弄，調戲，挑逗：～女仔
?,!ku1,（油茶、花生等榨油後所得）油渣餅
箅,!pe1,扁平竹製器具，用於隔開蒸籠（甑）隔層、盛蠶等：一張～
呅,!man1,用以組成表示方式的指示詞、疑問詞，樣：噉～|點～
滴,!dik1,（～水）髮鬢，鬢角。
儬,!leng1,年幼的：～雞|～仔|～女
崩,！bang1,①（建築）倒塌：大水沖～了三間屋；②泛指倒下：樹～了；③缺損，破損：～牙|碗～了。
晚,!maan5,同輩份親戚中排行最小的：～叔。
蔂,！lui1,一種略呈方形的、用來盛垃圾或收納襍物的大籮筐。
腡,！loe1,①指紋，尤指螺旋狀的指紋；②頭頂處頭髮自然圍成的螺旋。
旋,syun4,髪旋：我頭殼有一隻～。
旋,zyun6,髪旋：我頭殼有一隻～。
臚,！loe4,（肚～）肚子，腹部。
,!tang2,層：一～油|一～皮。
?,！shin3,①滑倒：地下濕，忻住～親。②滑：落過雨，地下好～。
?,!mou2,表勸止，莫。
?,!mou2,合音字，不好，差：～睇。
,！gwot3,被蓋住：餸都～在鑊頭了。
?,!kam3,偷看：偷偷地去～两眼
得,!dak1,"形容詞後綴，常與否定搭配（常用於回答別人的問話，並強調）A:啲菜鹹冇？B: 冇鹹～。"
紙,zhi2,紙鈔，鈔票：一毫～|一分～|散～。
,!daat3,（凐～～）形容氣温或物體冰冷。
,!zjak1?,跛足行走或單腳跳行：一～一～；跛～。
,!nong3,伸手到高處或遠處够東西。
極,！gik6,（整數）單，奇（與「偶、雙」相對）：一百隻豬十朝劏，只准劏～冇劏雙。
,！biu1,形容鼻梁高。
箳？,ping1/peng1,曬穀時墊在穀子下的竹席：地坪曬穀十三～。
翕？,!jap1?,①言語上撩撥、挑逗：～妹仔；②以言語誘導：～佢買手機。
？,!nam1,①髒：好～啊|～閪；②噁心、醜陋的樣子：好～啊|～閪。
攞,!lo2,娶（老婆）。
揦,laa2,抓、抓拿（一隻手拿握不能完全包住的物體）：～隻蘿蔔｜～～埋一䊆｜一手～落去，至攞得幾粒花生。
蒸？,!zhyng1,（～酒）釀酒。
掬？,!guk1,陰莖勃起。
,!jaap3,低劣，醜陋：你啲歌好～。
,!jaa5?,（差～）低劣。
先,sin1,強調反面，才：呢啲～啱。
,!choe2?,①消耗；②耗神做某事。
,!choe2?,催人（做事、攞結果）。
,!choe2?,（形容人、事）麻煩，耗神：份工好～㗎。
,!choe2?,大口欶（貶義）。
?,lip1,豎井升降梯。
?,!am6?,撳：～掣|[澳]～芯筆。
處,!chyi3,<白>同“<文>”：到～。
?,！tang1/choeng1/zhoeng1,一種小鉢。
？,!kwai4,傾斜：扇牆～咧，睇起身要崩咧。
踏？,!daap4,（因不夠高）而用凳或梯子墊高，座高，架高：冇夠高，就～張凳上去
嗬？,!ho4,句末語氣詞，表示向對方提議，供給對方：你頸渴就飲杯水～？｜你攞多支水去～？
唲,!nae5,表迫切的提議，帶有慫恿意味：一齊去打機～？
欸,!e4,填充詞，多並作爲歎詞表示正在思量：～惰，話㗎哩嘛先呢
嘛,!maa5,"[邕] 句末語氣詞，表示提出疑問：你去～？| 件衫好睇～？ ①②③④⑤⑥"
嗎,!maa3,「唔啊」合音，提起正反疑問
囉,lo1,[粵]語氣詞，表示事理明顯。
嚕,!lu3,①②③④⑤⑥
?,!lo4,表示情況就是如此，帶理所當然、肯定無疑的口氣（往往用於回答別人的提問）：邊個好啲？-呢個好～！
咯,!lok3,大體同“嘞”，而帶有提醒對方注意的口氣：琴日都搦晒去～
咧,!le4,表示商量，帶有希望對方同意的意思，有時有懇求或催促的口氣。我試下～？│帶埋小華去～？│做多半個鐘頭～？
哩,!le5,表示情況確實如此，用於希望對方相信或敦促對方接受自己的意見：我唔係呃你～│噉樣唔好～！
哩,le2,①表顯然的反問，：我做啲飯香～？②表示不出所料（多是不好的事），帶有責怪對方不聽勸告的口氣：你而家知唔得～？
哩,le5,表示動作完成，相當於普通话的“了”。
嘞,!laak3,句尾語氣詞，大體同「喇」，口氣略輕的完成體助詞：大家都嚟齊～。
?？,!laa4,表示詢問某種情況是否發生：王伯䎺～？│啲人走澌～？
喇,laa3,句尾語氣詞，表新情況，帶提示語氣的完成體助詞：啲書冧晒落嚟～！
啦,laa1,①表示命令、請求、提議、制止等，帶有無奈或哀求的口氣：快啲去～！；②表示勉強的同意、認可：好～，你話點就點～！；③表示已經如此或當然如此。都係噉～│使乜講～！；④表示認定某事，帶責備的口吻：一日都係你～，唔係都唔會噉！；⑤表示列舉：阿哥一家～，細妹佢哋～，你呢度～，㪉埋都有八九個人㗎。
嗬,!ho2,①②③④⑤⑥
嚱,!he2,表示希望對方同意自己的說法。都幾抵～？│大翻啲就好喇～？
吓,!haa2,①表示帶商量口氣的請求。我搦走喇～！②表示心有疑惑而期待對方答覆。咁惡搞嘅～？
嘅,!ge3,①②③④⑤⑥
嘎,!gaa4,相當於“嘅”加上“啊2”。係胡小姐～？│唔畀搦出嚟～？
?,!gaak3,“㗎”的促化
?,!gaa2,{？}
?,!gaa1,{？}
吶？,!ne5,表提醒被對方忽略之事物：～，你荷包在檯度。
咓,!aa5,表質疑：唔係～，連你都考到大學？
呀,aa4,①表示要證實某一情況。張生話佢實嚟～？│係胡小姐～？②表示反問，口氣較重。你估你大晒～？
吖,!aa1,①表示不耐煩地追問：你講你去唔去～？；②表示反問：點會唔得～？；③表示驚訝或疑問：你想點～？
吖,aa1,①表讓步同意：噉又得～；②表示顯然、反駁：佢亦都冇話到你乜嘢～！③表不以爲然：呢啲嘢你使乜咁志在～！
?,!aak3,①表贊同：我講得啱唔啱啊？-啱～；②表胸有成竹的肯定，當然：你究竟明唔明㗎？-我明～！；③表基於現實的否定，明明不是：部機好似壞唨喎。-冇壞～！
,!waa5,表詫異：嗚～！｜～！乜你噉都得？
咊,!wo4,（因喫驚、驚奇或不以為然）出乎意料：阿珍成個人變澌～！|整出唨咁多～|佢噉都唔䎺～。
?,!wo5,①表轉述：佢話佢死唨～；②出乎意料而不滿：畀佢攞晒走～
咋,!zhaa3,「啫啊」合音
嘖,!zhek1,「啫」促化，而已
啫,zhe1,而已：我講下～，你毋當真
璄？,jing2,顯眼，刺眼：熱頭好～眼。
䭰,!bung6,[粵]量詞，氣味，常指臭味。
?,!naau4,錨
趟,!tong3,辈，代：你老竇同我哋係同一～嘅
通,!tung1,完成（事情、工作）：你做～工未？
拍,!paak3,（放置物件時）靠近，挨着：張牀～牆壁放
匙,chi4,小型舀物餐具，調羹：～羹
盅,zhung1,（寬口）杯
粵,★jyut6,不言自明。
掩？,!jip3?,披（衣服）：天冷就～多件衫。
?,ni1,①黏；②有黏性
?,nap6,做事拖拉：～糯。
拏,naa1,①連詞，與：我～渠食緊飯；②替，幫：我～你做；
?,naa1,①疤；②補丁。
拏,naa1,成雙成對的：一～糕｜～仔
巴？,baa1,附著：啲飯焦～住個鑊底好難洗。
？,naa1,（翁～）曾祖父
?？,!dau1,踢：～波|一腳～過去。
屄？,be6,不好的事物
屄,be6,詈語，與之性交，屌：～恁乸
托,tok3,“托?”一詞之雅稱：啲銀紙留畀佢～吖？
巡,chan4,需要購買某物而上街尋找：想去～睇啲衫啱冇啱
糧,loeng4,工資：出～
,!chaa1,哪：～日(哪天)
,!chai1,（在～）在哪兒
,!chi2,（～gai2）哪裏
,!gai2,指代地點、處所，相當於「度」「埞」。
,!daan1,知會：搞扂～聲
埋,maai4,①靠近、靠攏；②聚合，合上：～位｜閂～門；③連帶：連～｜叫～渠一齊；④歸總清算：～單；⑤表完成（且有下一步其它行動）：我要做～作業；⑥表經歷：你睇～啲噉嘅嘢？
磅,!bong6,遞交，繳出：～水｜速速～，毋兩頭望。
挺？,!ting1?,繃直：渠老竇腳一～，人就冇唨咯。
哳？,!zet1,（zi1～/ziu1～）言多不停，吟沈
尸,!shi1,軀體：身～｜肥～大隻
矬？,!co4,（矮～）又矮又壯
？,!nong1,（腳～）小腿
？,!nat1?,（白～）白，又作“白失(sat1)”
韌？,njong3,易變形而不易斷，韌：QQ糖好～。
絴,njaang3,軟而結實，不易折斷：魷魚好～。
韌,njan6,易變形而不易斷：QQ糖好～。
韌,njan1,（～皮）小孩頑皮
勩？,!jai4?,（～口）食物口感差
框？,!kwaang1?,後綴，用於單字後組爲形容詞：拗～｜頑～（頑皮的）｜明～（露骨的）｜束～（企理的）。
?？,!tin2?,（白白～）煩躁
腍,!nam4,（～善）和善
間,!ngaan1,<白>量詞，房屋、房間。
哮,haau1,[粵]犬吠：[港]獅～功。
吼,hau1,[粵]犬吠：條狗～了一晚｜[港]獅～功。
,!ngaau5,狗叫
？,chong3,①撞見；②撞傷
撞,dawng6,<白>遇見：今日我在街上～到佢。
撞,zhong6,偶然遇見：今日我在街上～到佢。
斗,dau2,①桶狀容器：灰～｜料～；②（車輛的）上開口容具，可有蓋：摩托車～｜翻～車
,!cak7/cap7,①插：～入去；②由“插”引申爲將各個部件插好、組裝好：～好架車仔。
,!kin3/kim3/kyun3,①揭起；②與揭起的動作相反，即蓋上：～埋个蓋
？,!sang3,亂花錢、浪費。
?,san4,顫抖(壯語：saenz)
,!sang3/sam3,上下搖動，抖動：唔好於樹上高～来～去；個擔穀好重，擔(得)～下～下。
,!san4,畏懼
?,fang6,①犬吠；②大口咬、喫（多含貶義）。
揈,fang3,（較慢地）揮，甩：亂～｜～來～去｜洗腳唔抹腳，亂～｜吊吊～
揈,fang6,（較快地）以拳擊人，出其不意地以拳横掃：～佢一拳；
揈,fang6,花錢大手大腳。
?,wing1,拋，扔，掟：你唔好～咁遠呀｜你啲嘢亂咁～，梗係搵唔返喇
揈,fing6,晃動，甩動，擺動：～～下隻手｜洗完頭，～乾頭髮｜頭～～條繩～來～去，我執唔倒。│吹到連支旗扞都兩頭～。
揈,fing6,打，以腕拂人：～過去｜～手～腳
揈,fing6,甩，掄：佢～下條竹嗰啲水。
揈,fing6,用力扔，用力甩出：一～唔知～咗去邊。
？,fing3,（屌你老～）（屌你老～閪）詈語
,!fat1,用手輕輕灑水；
沸,fet6,[粵]濺：水～得到处都係。
,fik6!,往上抽，魚上鉤時起鉤的動作。
,fik1/fat1,用手掌击打：一巴掌～过去
拂？,fik1/fat1,用腿向前踢。
拂,fak1,①去除，排除：～佢走；②甩、揮，同“wat4”
,fak1,甩，掄：～下支筆。（把筆甩一甩。）
,fak1,甩動；擺動。
,!faak3,（樹枝等）猛然擺動或倒下：嗰邊拆緊棚，因住畀竹枝～親啊。
,!faak3,計算（多用於錢款）：聽我翻去慢慢～過就知為唔為得過嘞。
,faak3,攪動粘稠液體嘅動作：～蛋
,!faak3,（用軟而韌的枝狀物）抽打：邇個爸爸打細路都唔惜住嘅，～到個仔成身起晒楞。
㧒,wat4,扔
,hwat4,甩
撥？,put3,用扇子扇：～着火。
拂,pat1,從物表面掠過擊打以拍除附在表面的東西：～去件衫上嘅煙塵。
齙,baeu3,（～牙）牙齒突露在唇外。
？,!baeu6,豬用嘴巴向前拱。
？,!baeu6,用身體（如臀部）撞開或擠開：～開；～屎胐
？,!baeu6,脹起、突起
,!baeu6,向外拱出：壓得滿滯，兩邊～晒開嚟。
？,!baeu6,一些脂肪類物體擺動的動作：肚腩～下～下；一個裝住水嘅膠袋放落檯面、膠袋下方會面積擴散曰beu6
攰,gui6,筋疲力盡，累，本或作“䠩”：行了一日，好～。
,!noi3,困，困倦，乏，累：（眼～）眼困；（透～）休息
？,nui3?,蔫，枯萎。（～水）植物叶子干枯失水的样子
搵,wan2,找：～人
,!pat6,①小孩子玩耍、搗蛋：唔好企尔處～；②小孩撒嬌哀求得到某些東西:佢～佢媽買个公仔俾佢；③亂：亂～休。
？,!bat6?,①鬆脫；②掙脫（繩子等）。
捇？,!cat1/cik1,拔：～出来
捇,chik1,①猛一跳動，小範圍的跳動都可用：眼皮～一～；②豎立：～起幢眼眉。
捇,chik1,①向上提起：～起桶油｜～佢起身；②撩：～起褲腳｜～起長衫尾；③[端]同“搦nik”
？,!loi2/laai2,次品
？,!pai5/bai6,婉稱「偷」
？,!paa5/baa6,嘴巴澀
？,!shaa5/6,未經許可拿走别人的東西：佢~走我支筆。
冽,laat3,（水）寒冷。
㨃,dui2,①捅，撞；②（～冧）擊敗，打倒
,kim3/kin3,①揭起；②與揭起的動蓋相反，即盖上：～埋個蓋
揚？,joeng4?,用手揮動（以炫耀、示人）：你毋喺度～；乜嘢都～澌出去。
掌？,!zhoeng2,看守：～牛、～住佢
,!jaan3,掀书：～到第20页
,!kaat1/kaak1/kaap1,以指甲刺人、剝去表皮：～休個塊?│唔好～個條树。
槌,chooi4?,拳：拳～｜打佢一～。
掉？,deu6,丟棄，扔：隻袋仲冇～開佢？
？,paang4,量詞，多用於表示排列整齊的骨狀物：一～牙，一～骨
潲,shaau3,①雨水溅洒：雨往南～；②泔水：猪～｜～水；③[粵]刷，涂抹：～油漆
,!dok6,摘，掐断：～菜；～橙蕊
掩,!im2,掩上：～埋道門
掩,!jim2,掩蓋物：雞籠～，拳螺～，補～
?,jim2,痂：結～。
厴,jim2,蟹脐，蟹腹下面的薄壳，又指螺类介壳口圆片状的盖。
揞,om2,①遮掩；②以手掩：～到肚煲
捺,!naat6?,向下按並移動使扁或爛:～扁個坨粉
捺,naat3,用手按、蹭：～手印｜佢將鼻屎～在我身上｜～死隻蟻子
捩？,!lit6/lip6/lyut6,扭:～焦個條手巾
䟕,chaa1,踏（入）：一腳～入水溝窿。
擸,!laap3,用手或工具摟：～草衣｜～柴。
擸,laap3,[粵]收拾使之合一，使合攏，包攬：佢一隻人～齊所有訂單。
擸,lop3,①攬抱：～住堆衫褲；②擄掠：～只妹兒返屋；打工～夠十萬至返屋。
,!laang2/laam2/laan2,未下蛋的小母雞
？,!laan2,剩下的，剩餘的
爛？,laan2,自認十分如何如何而令人厭惡：～叻│你就～大方，係我出錢㗎！│佢～熱情噉，我先唔睬佢│使乜～正經啊！
扲,ngam4,伸手入袋翻找。
捋,lyut1,①從高處滑落；②形容滑：滑～～
捋,lyut3,①用手握著條狀物並順著移動：～直條線；②擼起（衣袖）：～高衫袖；～高褲腳。
擝,mang1,拉，拔：～出
掹,mang1,拉，拔：～出
捉,zhok3,[粵]表示處置對象，把，將：我～佢打了一身。
挈,hit3,提攜，使人沾光：你搞?咗，就～埋我哋│第日發咗達了，記得～細佬啊！
挈,hit3,拿，手持：～兩隻碗出。
,kek8/koek8,挂：～個書包去返學；心口～(得)串鎖匙。
掛,gwaa3,使物體上部附著於某物，而下部不受束：～衫。
掛,gwaa3,牽念：你冇要論日～到去耍。
,!gaai2,雙手抱起：～高個塊石；～高個細蚊仔；佢個女俾人～休。
河,!ho4,①特指珠江：～南｜～北；②特指桂江：～東｜～西
,!paa2,較大的樹枝：樹～
抹,maat3,擦：～桌子。
躉,dan2,①整，整數：～批；②整批地買進：～貨；③[粵]囤積：～定幾十萬等抄底；④[穗]墩小稱變調俗字：橋～。
強？,!goeng6?,陰莖勃起
露,!!lu6/lou6,用碗量水或米：～三碗米來煮飯。
露,!!lu6/lou6,將一容器中的水倒入另一容器：將呢煲水～過去啦。
恁,!naai2,遠指，那
卬,!ngok1,第一人稱複數，我屋
若,!nek1,第二人稱複數，你屋
厥,!kek1,第三人稱複數，佢屋
？,！,不定量詞“些”
？,!saau2?,受涼、受潮、受風
匿,ni1,藏匿（特指人）：衫櫃係咪～有個人？
？,!doe1,嘟起嘴巴，撅起嘴巴：～起把嘴。
,dyut1,（～嘴）翘起嘴、撅起嘴巴
？,ang2,突出來，鼓鼓的：大渡河粒肚喫到～漲
骾,kang2,①<白>骨留於咽喉：～頸；②[粵]吞嚥：冇～得落。
哽,ang2,①咽聲；②[粵]喫下，嚥下：今晚我～了四碗飯。
?,ang2,[粵]擊打：着～了一捶
哽？,ang2,突起的東西使人不舒服或損傷：鞋～脚；一睏低，着手機～着背脊
刨？,baau5?,用筷子撥飯入口：～飯
,!fo1,把飯往嘴裏扒：～飯
扒,paa4,①撥（入口）：～粥；②[粵]棹（船）：～龍船；③[粵]（牛、豬）排：牛～
扒,paa4,（～灰）公公與媳婦有亂倫關係。
扒,paa4,（～頭）超越，超車，本來應是划船超越：呢度咁窄條路都仲想～？
,paa4,（～酒）釀酒
？,paa4,險要的地方
巴,paa4,（下～）下頜
啄？,doeng1,蜇，啄：雞～唔斷。
？,!doeng1,緊緊盯著某人，追問某人或要求某人做某事：唔關我事，唔好～住我。
,!jak1,（下～底）胳肢窩
？,!bong3?,腿、臂
？,!ban2,精明過頭
？,!ben1,人講話不禮貌被斥責
？,!bem4,差、壞事、糟糕
起,!hi3,（～水）指陰莖勃起
真係？,!zhai1-6?,才（不）…呢（常用於否定句，加強語氣）：佢～冇腎。
,!shang3,多指尿的味道：臭尿～
,!njo2,穿太多衣服不舒服
"見 探",!tem3,試探
該,!?goi2,近指，這：～址
肚,!?du2,“肚”的白讀
？,!ai3,姐姐
？,!baak6,打
？,!ban5,玩
,!bang3/bam3,很緊：個蓋緊～休，擰唔開。
？,!be1,游泳；（～zham3）游水去河裏
？,!be1,喇叭聲
？,!be2,無力：（腰～）腰使不上力
？,!be3,節儉
？,!beng3,藏，收藏：～埋唔畀人知│～得實過龍，自己都搵唔到添。
？,!beng3,收拾，拾掇：～好間房，～埋啲碗筷啦
摒,bing3,[粵]搬動：～走張檯｜～屋(搬家)。
Ｂ,!bi4,"（bi4 bi1）①嬰兒(英語：baby)；②對配偶之愛稱。"
反？,!bin2?,翻轉：用飯鏟～下個條魚。
,!bun6,（星子過～）流星
,!bun6,（～紅李）外面紫色，裏面暗紅色
,!caa4,（蒙～～）模糊
？,!ce2,厚斜紋布，卡其布
,!ce3,找
,!ce3,閃，讓：（～開）閃開
邪,!ce4,不正常：呢啲嘢個樣好～。
?,!chiu1,嘆詞，表不屑。
,!chui2,用手塗抹
糍,ci4,糯米製品、糕點
僭,cim3,①（～先）搶先；②（～队）队列中僭人之先，插队
,!cing4/can4/ceon4?,高：高～
？,!cit1,（～coet1）形容人來回走動：～噉轉。
捶,!coe4,①用拳頭或棒槌打；②量詞，用於計算“拳”：抌咗佢兩～。
？,!coet1,（cit1～）形容人來回走動：～噉轉。
,!dam6/dang6/dom6?,下陷：個條路～休落去。
,!dan1,用力把重物往下放
,!dan2,形容人的體型矮肥：矮矮～～
蔸,dau1,[粵]（酸～～）见“酸”。
唗,dau1,[粵]詛罵人的字眼：發～瘟｜爛～。
兜,dau1,①用袋装：～银纸；②兩手相合捧物；③從下方托：我～起佢｜～尿；④[梧][蒼石]翻炒，亦泛指炒菜
蔸,dau1,①指某些植物的根和靠近根的莖：禾～；②量詞，相當於“叢”或“棵”，本或作“株”：一～草｜～樹生得好高大；③[粵]量詞，條狀物：兩～繩。
㨮,dau1,①[粵]招致：你隻人真係～打；②[粵]惹、調戲：～惹(挑釁)。
,!den3,水濺
,!di2/dyu2,指：～畀佢睇
？,!doe1,（hoe4～）喇叭：～花｜～噉嘴。
懛,!doi4,（獃～）（獃獃～～）呆貌。
,!dot1,（樹～）樹節疤
,!dot1,扔、砸：（～中）扔中
,!du6,（～燈）點燈
,!dui2,進貨
？,!dyu2/zyu2,遞送
,!faak3,翹
,!fan3,揮灑：～糞(撒肥料)
？,!fe3?,①結構鬆垮：件衫洗多唨，～齊；②[鬱]特指煮飯水多而鬆
？,!fe3/kwe3/hwe3/we3,尋找
硌,gak6,①觸著凸起的東西覺得不舒服：鞋～腳；②卡住：拖桶～到矣；③阻礙，阻撓：佢特丁在個件事上～我。
？,!gam1,（眼～～）渴望的眼神：眼～～望著
,!gam3,吐
巾,!gan1,簡易的帽子，如軍帽、鴨舌帽等：一頂～
跟,!gan1,（～佬）（～人）妓女從良。
,!gan3,一根、一段
,!gan6,吞嚥，硬嚥下去，喫
？,!gat1,（～?）擬態，用手搔人使痒：你玩嘢呀，信唔信我～你啊嗱？
,!gen3,太陽大；人用勁，力大；結實；堅定；稻穀飽滿
飢,!gi1,飢餓：肚～
兼,!gim1,队列中僭人之先，插队：～隊，打～
？,!goe1,揉，搓：～埋一嚿。
鋸？,!goe1,割：～頸自殺｜～開個袋。
鋸,!goe3,<白>同“<文>”，鋸。
？,!goe4,擬聲詞，形容嘔吐時嘴裡發出的聲音。
,!gong3,關（門）：～門
,!gou6,（～勻）攪拌均勻
,!gu1/go1,（～～蟲）蝸牛
,!gu3/go3,指喉嚨乾
,!gu6/go6,死板
？,!gui1,①隆起：個肚～起上來；②隆起物：裝飯裝到起個～。
刮,!gwaat3,催促人起床：朝朝早都要人～佢先起身。
,!hai2,量詞，一顆
,!han2,惡心
恨,!han6,疼愛
?,hap1,[粵]欺負：～人。
,!hop1,（～雞）威脅、恐嚇
,!hau1,勾搭：～到
,!hek3/hoek3,雞用爪子向後撥以尋找食物。
窍？,!heu3,洞穴
,!heu6,（磨～）磨損
,!hiu1,壞；（～離）壞種
？,!hiu1/heu1,形容物體輕飄飄，易被風吹走
㱒,!ho1,（機器）暫停、掛起(英語：halt)
㗾,!hoe1,喝倒彩：利物浦又射失波，俾人～
？,!hoe1,（～～聲）水初沸聲。
？,!hoe1,說話語氣兇：佢大聲～我。
？,!hoe4,（～～聲）①人聲鼎沸；②高聲叫喊：咪喺處～啦；③流水聲：啲水～噉流。
？,!hoe4,（～doe1）喇叭：～花｜～噉嘴。
㗾？,hoe4,擬態，哈出蒸汽：紙飛機要對頭～一下先至飛得遠。
,!hoek3,"（～開懷帶）敞開衣服，露出胸懷。 揭開；（～蓋）揭開蓋。"
海,!hoi2,特指珠江：～皮。
嵌？,!hom6?,①組合：～返個架車仔；～盅；②緊合貌：閂～道門。
？,!hong3,①硌腳：對鞋～腳；②有東西抵在下面：有塊石～住個車轆。
,!hong4,用東西墊在下面，頂住，使高於地面：用磚～高佢；～床。
皓,!hou6,天光、日出、明亮
兇,!hung1,利害
吔,!jaa4,（～～嗚）不可靠，不牢靠：佢啲技術～。
,!jai3,水分多，溼，稀泥狀；（爛～）爛哭
？,!joe2?,衣服變形：部洗衣機洗到件衫～晒。
,!jot1,褲子掉下來。
,!kaa3,跨，邁
,!kaam4,用火燎：（～狗）用火燎狗毛
,!kan5,（～水）芋頭生水
？,!ke1,扒拉，大手抓
,!ke1,往上爬：冇要～，牆太高了
,!kik1,敲，打；攃火柴
？,!koe2,物體過長以至於拖在地上：件衫～地喇。
？,!koe2,①線纏繞：～起啲線；②衣服重疊，纏繞。
跔,!koe2,凍僵。
,!kom4,四處尋找
,!kop1,疊起來
,!ku5/ko5,（蠶～）蠶蛹
,!kung5,（那～）那頭，那截
划？,!kwaa4,扒拉，大手抓
？,kong4?,心急：冇使～｜狼～
狂？,kwong4?,驚慌：冇使～
,!laa2/naa2?,一雙：一～，～仔
,!laai3,垂：條褲～到地下。
㸊？,!laai3,熱、燙：～水
,!laau2,乾：～柴
,!laau3,（狂～～）緊張，急急忙忙，手忙腳亂
,!laau6,女人不正當，放蕩：（發～）貓狗等動物發情
,!lai2,抓住
諃？,!lam1,用言語誘騙，哄騙：佢直個～我買嗰啲保健品
,!lan2,擁擠，擠：～油炸(擠油)
,!lap6/lak6,（轉得）很快：～趣休(東西轉得很快)
？,!lau1,"（～lik1）（～～lik1 lik1）鬱鬱不樂，發脾氣：呢個細佬哥好～。"
流,!lau4,（～～）形容時間的悠長：十年～長。
流,!lau4,（～～）正當……時候（常用於好時，後接要被阻止的壞行爲）：新年～，唔好講啲咁作嘔嘅嘢！
？,!le1,攙扶
,!le1,（繩子中打的）結
,!le2,同，和：～佢好+
,!lem1,動作快捷、麻利：手～
,!lem2,乾涸
寥？,!leu3,洞，竅
,!li3,（鴨～水）鴨子在水裏找食物喫
？,!lik1,"（lau1～）（lau1 lau1～～）鬱鬱不樂，發脾氣：呢個細佬哥好～。"
?？,!loe2,故意糾纏以達到某種目的：先例不可開，你點～都冇用｜～佢媽咪買雪條。
？,!loe2,反復擦拭，使軟硬物相互摩擦，並使軟物粘上液體或糊狀物、粉狀物：攞啲菜～乾淨個碟啲汁。
？,!loe2,（在地上）打滾：細佬仔～地。
亮？,!loeng3,光滑
,!loi3?,用棍棒打
,!lom1,聚集
,!lom2,追趕
,!lom3,用火煙熏，熏(老鼠)
,!lom4,探尋
,!lom4,摸（人家）
,!lon1?,陷入、流脫：～田；～腳
浪,!long6,暈、神智不清：”暈～“
,!lot3?,鏟：～水溝
,!lot3?,往裏鑽、鑽進去
？,!lou4,痱子
,!lui1,辛苦勞作
,!lui3,（～下）垂下
,!lung4,平常：過～(超過平常，即過度)；亂～(庸雜，雜亂)。
,!maa1,（～望）盼望
,!maai1,（一～）兩條臘腸合在一起叫一～
？,!maai1,（口～）沒有食慾
蜢？,!maang2,（瘦～～）形容體形瘦貌
咪,!mai1,（～紙）相紙，感光紙(英語：bromide)。
,!man1,灰塵大
,!mang1,人體排泄物的臭味（屎尿汗）
,!mang4,（～蟻）螞蟻；（～ngang1/ngiang1）蒼蠅
,!me4,昏迷，人從高處跌下不省人事：（～開）已經昏迷。
尾？,!me6,用於禽獸的量詞，尾、隻、頭
,!mi1,隱匿：你～(得)哪處？
,!mi1,窺視：考試～人答案。
？,!mui2,無牙者用唇舌將食物研碎：～爛啲飯先至吞。
覆？,!muk1,用泥土埋
,!mun3,掩蓋：（～過）掩蓋過
,!mung3,（～穿）刺穿、戳穿
,!mung3,（個～）這段時間
,!naang1,細、小：（瓶頸～）瓶頸細小
,!nang2,副詞，「哪樣」合音，程度指示詞，相當於「眞，那麼」
,!ne2,稱呼伯母
慄,!neot6,害怕，受驚
,!ngaak3?,用鋤頭敲碎土塊
,!ngaan1/ngaam1/ngaang1,（～爭）（～～爭爭）斤斤計較，喜歡與人爭利：其個人～。
,!ngaang3,傾斜，側：（～頭）側頭
,!ngan6,熬煮
,!ngang3,拉
?？,!ngap6,搖晃，晃動：摇摇～|～得咁犀利，唔扂噃！
顉,ngap6,點頭，低頭：～頭。
,!ngeu3,（發～）發嬌
獃,!ngoi4,呆貌：發～。
,!ngom4,鷹狀突起{？}
,!ngom5,凹入
,!ngot6,撬、挪
,!nguan3,頭暈
,!ngun3,昏昏沉沉
,!njaan2,嬰兒發脾氣
,!njaan3,心煩，心悶
,!njaap3,刮除碎稻草的耙；用手指去扒:～肉
,!njaau3,心情不好，愁：發～
,!njan1,（癡～～）瘋癲
,!njan1,內向
,njan1?,（小孩子）頑皮。
芿？,!njang3,牽扯
,!njang6,草濃密
,!njap1,撐起
,!njen1,難纏，臉皮厚，執拗，潑辣、頑強
,!njet1,（老～）內行，老練
,!njik1,抖腿的動作
,!njoi1,（～錢）塞給錢
,!njom4,濃、密
,!njon2,（刀～）刀卷口
,!njop1,聚成堆：（做～）成堆
,!njui2,無精打采
湧？,!njung2,人多，熱鬧，擁擠
？,!noe4,亂涂
,!nong2,這樣、那樣。
,!not1,（～去）用屁股移動
噯,!oi2,①哄嬰兒睡覺：～佢睏覺｜～姑乖，～姑大，～大阿姑嫁後街。後街有啲乜嘢賣，有啲鮮魚鮮肉賣，又有鮮花戴。戴又戴唔晒，擺落床頭老鼠拉。一拉拉到大新街。大人執到笑瞇瞇，細路執到當銀牌（童謠）；②哄嬰兒聲。
,!paa1,（口～～）講話囉唆
"見 䠋",!pe2,斜張開
,!pin2,打開，翻開：（～書）翻書
破？,!po3,聲音嘶啞
？,!po5,植物低矮
？,!po5,眼睛看不清楚:眼～了
,!pong2,（眼～）眼睛看不清楚
,!pong2,發黴
？,!saa6?,稍洗：（～衫褲）把衣服放河水裏游乾淨
,!saai2?,水熱
,!saau4,用手抓取來選擇
,!sak1,亂扔
,!seng1/soeng1,"量詞。 犁田的時候，翻起的泥土分成若干畦，“一畦”稱作“一～”。"
欶,shok3,用鼻大力聞：～一～，舒根活絡
欶,shok3,吮吸：攞支吸管來～奶茶。
？,!soi3,（獃～）①拘束而不自然：我見到生暴人就好～；②呆貌；③衣服不合身，鞋子不合腳：佢著起件衫好～。
?,sok3,哄（小孩）
"見 糝",!som3,撒粉狀物
,!som3,（眼～）眼看不遠
,!som5/com5,佔、坐：（～住）佔住
彈,!taan4,批評：無得～（文詞：彈劾）
？,!taan5,厭倦；蕩～：玩厭
擦？,!taap1,（～皮）蹭破皮兒
忒？,!tak1/tap1,很多：我爾次去廣州用減～少錢。
,!tau1,（～水）舀水
,!tim3/cim3,組合，縫合，織：～竹籮
懷,!waai4,懷藏：～埋嗰啲錢。
圍,!wai4,村落：一條～，～仔佬
運,!wan6,①走某一路線：～呢頭行近啲；②繞路：～路行。
,!we5,結構鬆垮：你成日申隻手入個衫領，搞到個衫領～晒！
禍,!wo5,失敗，落空：呢單嘢卒之～咗。
瞠,!zang1,睜開眼睛：”～眼“
就,!zau6,還有：～兩日考試；～兩個蘋果唔曾食。
志,!zhi3,（～在）在乎，在意:成套房都買得起，又冇～在啊粒物業費啦。
,!zhom2,跑得快
,!zhop3,親吻：～嘴
,!zi1?,用指甲尖掐
子？,!zi2,量詞，束，数物之束者曰一子、二子：一～番藷苗，一～線，一～米粉。
恣,!zi3/di3,兇惡。
字,!zii6,（一～角）角落：摒埋～。
？,!zin2,手趼子：起～，手～
坐座？,!zo6,把鍋放在爐子上，使鍋內食物變熱。將啲餸攞去～一～。（把菜拿去熱一熱。）
坐座？,!zo6,放（較大、較重的東西）。個鋼琴～喺處啦。（鋼琴就放在這兒吧。）
坐座？,!zo6,下沉，下陷：架車重過頭，～休落去。
？,!zoe1,話多：佢成日都喺度吱吱～～。
？,!zoe1,使人煩厭地不斷說話、不斷要求：佢成日都～住人｜今晚又俾老闆～住我聽佢講佢啲發財大計｜佢成日～住個裝修師傅改呢改噜。
？,!zoe1,用巧言說服：佢成日都～住人。
䁓,zong1,①偷窺：佢在角落頭～我；②特意候住：～人去屎坑就?磚頭落個屎氹。
,!zong1,設置機關、陷阱等捕捉（獸類等）：～老鼠│挖個坎嚟～山豬。
,?,"①發出的聲音  {？}；②鬆散不成團：（～蛋）變質蛋"
啊,a1/e1,完整體助詞，同“唨”。
?,aa2,偏灰的，沒有光澤，色澤暗淡：～色。
阿,aa3,稱呼前綴：～吳公。
啊,aa3,語氣詞，表肯定、疑問、求證、動作延長等
啊,!aa3,"[粵]指示詞，表中遠指，多指非遠非近、手不能及的範圍，這，那：邇本書系我噶， 嗰本書係你噶，～本書係佢噶，哪本書係乜人噶？"
？,ou3?,（～蠻）程度副詞，尚、還：我見佢～靚妹哇！
？,aa6,“十”的弱化：幾～，四～。
挨？,aai1,照顧，撫養：～仔｜老乸辛辛苦苦～大我。
靄,aai3,<白>起雾：～雾。
喝,aai3,喊叫，吼叫。
？,aam/om2,（果蔬因霜打、碰撞、扭折等）變色：青菜凍～咧。
晏,aan3,①遲，晚，同“旰”：你起牀起得真係～；②[粵]中午，亦指午飯：～晝｜食～。
嚶,aang1,[粵]玩耍，打鬧。
？,aang3,（ung3～）地牛（雨後在草叢中活動的一種蛙類，體型小，叫聲大。）
？,aau3,（～鐘錶）對鐘錶
拗,aeu3,扳，使彎曲：～手骨。
詏,aau3,語言上頂撞。
罌,aeng1,①大腹小口的瓦器：～～罐罐；②（～粟）制鴉片的原料，果殼可入藥，花供觀賞。
拗,aeu2,以手彎折。
於？,ai1,①在；②從：～條路過去。
矮,ai2,（～瓜）茄。
翳,ai3,鬱悶，憂愁：閉～
翳？,ai3,（～滯）食物停留在胃中，不消化。
荫？,am1,躲藏
殷,an1,活該：你弄火燒着頭毛，～！
䪯,ang4,①擬聲詞，低沉的轟鳴聲；②心有不滿而唸唸有詞：佢成日～〜聲，梗係畀人扣咗獎金嘞。
遏,at1,<白>（用指尖等）用力搓压：～下只掣。
？,au1,足球比賽中發界外球的手部動作：～球。
甌,au1,①小碗：～仔；②量词：一～飯｜一～仔飯。
嘔,au2,吐：食落去嘅嘢～齊出來。
毆,au2,<白>同“<文>”：群～｜～佢一身。
漚,au3,①久浸或溼物久置：昨日洗個衫冇記得晾，～臭氣矣｜菜～爛矣｜～肥；②密閉、久悶：～熟啲水果；③天氣潮溼悶熱。
熰,au3,①蒸煮，炮制；②[粵]用文火久煮：～熟
巴,baa1,量詞，用於耳光：一～掌
吧,baa1,酒吧(英語：bar)：～檯。
？,baa3,飲（藥酒等）、食（蒜等）後的喉嚨感受：飲啊一啖喉嚨～嗮。
霸,baa3,①霸占，佔據：～佔｜～定；②指依杖權勢或武力欺壓他人的人或集團：～王。
?,baa4,水疾流貌：水喉啲水流～～到。
？,baai6?,"擺 ：～尾｜～回頭"
？,baak1,擬聲，卡扣的聲音：～一聲響
白,baak6,（無端～事）無緣無故
湴,baam6,①淤泥，爛泥：泥～｜～蛇(泥蛇)；②泥濘的：條路好～。
,!baan1,獲取物資？/搬運？：托朋友～咗部電視機返來
？,baan3,用竹篙或手腳打水
辦,baan6,來得及：時間太緊，冇趕得～；
？,baeng1,①拔；②（～風）打開門窗使空氣流通以除悶熱。
?,baang3,①腹脹；②[粵]滿，脹，突出：車轆冇夠～氣｜～肉（肌肉發達）；③[粵]緊：拉～條索。④[粵]足，多：～錢｜～尿（尿意足）。⑤指陰莖硬。
䨻,baang4,擬聲，很響的聲音：～一聲響嚇到我閪魂。
？,baang4?,[粵]（臭～～）形容臭。
發,baat3,投擲：～石嚿｜～死你。
班,baen1,團隊(英語：band)：散～｜佮～。
跛,bai1,手或腳功能不健全：～腳
？,bai1?,[粵]（飯）稀
㪏？,bai1?,用扁平物（手掌、書藉、球拍等）拍、搧。
？,bai3?,[粵]白費，徒然：～我買咁多，無一件有用！
弊,bai6,①[粵]形容事態危急或慘重：～啦；②（睇～）不看好：睇～你都冇識啦。
?,bak6?,步行。
崩,bang1,物品缺損：～角
?,bang1,[粵]某些蝶類或蛾類昆蟲：～䖢。
？,bang6,①敞開貌：門開～～；②[江]大力關門。
？,bang4,張嘴：～開口
憑,bang6,依憑、按照：～個張地圖去揾睇過。
凭,bang6,①倚靠；②[欽]攀附。
？,bat1,（菸頭～）菸蒂（英語：butt）。
？,be1,①用壓的方法製造：成個部件係用塑膠～出來嘅；②用封口機使包裝袋和奶茶杯密封或捏塑料封口袋袋口：䊆奶茶杯口冇～得實，漏封；用～口機～～個袋；③焊接：上邊係～實嘅。
啤,be1,（～令(ling2)）滾動軸承、滾珠軸承、滾柱軸承、滾針軸承(英語：bearing)。
睥？,be1,盯着；用眼睛長時間盯着：眼～～｜～咩～！
詖,be1,吹噓：我始冇聽你立亂～。
屄,bit1,"女子的陰門(客家話：腟屄, zhii1 bied7)。"
屄,be1,女子的陰門。
屄,bi1,女子的陰門(官話：逼)。
裨,be1,多餘的，並生的：～腸(闌尾)。
裨,be1,[粵]左：～手。
？,be1?,（～ze1）任性
㞎？,be2,兒童用語，小便
貱,be3,<白>[粵]於側邊附帶：～到支槍。
㞎,be4,糞便
壁,bek3,形容陡峭：座山好～。
？,ben1,破邊，剖開兩半
辮？,ben2,綑綁，綑紥：將佢～起身｜～住垃圾袋兩隻耳。
揙,ben2,[粵]擦拭：～屎
絣,beng3,"①[粵]繫著，連著：最好捉鎖匙～起身，一冇容易打跌；②[粵]胡扯，胡言：絣牙花(胡扯)｜任你同點～我都冇會信你噶 。"
柄,beng3,①植物的花、葉或果實跟枝莖連著的部分，椗：葉～；②器物的把手，耳
柄？,beng2,量詞，用於有柄物或盤狀物：一～錄音帶。
哵,bet3,吹噓：你無聽佢～。
坺？,bet6?,兒童用語，大便
俾,bi2,表被動，本或作“畀”：～人打。
畀,bi2,用：～香點炮仗
畀,bi2,①給予：佢未～錢我；②[粵]表允可，讓：冇～佢走；③[粵]表被動，部分寫“俾”以與②④區分：～人打；④[粵]介詞，與格標記：擰錢～我。
髀,bi2,膝部以上的大腿骨，或指大腿
潷,bi3,隔離固體，把液體倒出：～丟啲水。
玭,bi3,[粵]珠子，特指玻璃珠，或借自法語(法語：bille，越南語：bi)：波珠～。
?,bi4,爆炸聲或撞擊聲：～哩??。
？,bi4?,嘔。
逼,bik1,①狹窄：～仄；②[粵]擠，擁擠：擠～。
煏,bik1,[粵]火熱以乾物：～炒｜去燒烤，～嘢食。
甂,bin1,小盆：打～炉(打火鍋)
邊,bin1,[粵]疑問代詞，哪：～隻。
邊,bin1,指偏旁部首：企人～
便,bin6,[粵]動詞後綴，準備體標記，事先做好某事，爲後面的事提供便利：天準備落雨嘹，帶～把遮好啲喔。
兵,bing1,（因好感而）自願服事者：人哋女神嚟，有一堆～㗎｜觀音～。
？,bing2,打人
並,bing5,並列作比：我同你走～快。
靐,bing6,"(～ling4 bom4 lom4)(～ling4 baang4 laang4)物體撞擊聲音。"
觱,bit1,①哨子聲；②哨子
猋,biu1,急速前去，奔跑：～唅唅｜一咀～到嗰邊去
?,biu1,飛跑，亦作“猋”。
滮,biu1,[粵]（液體）滲出、迸出：眼淚水～～噉出。
熛,biu1,（火星或火焰等）迸飛：火星～得到處都係｜～撒撒(四處迸濺貌)
䅺,biu1,①突出，冒出：～芽；②突然出現：等下又冇識佢從邊啲～出來喔；③比喻孩童長高：一年冇見，佢仔～得冇識幾高。
波,bo1,①球，球類(英語：ball)；②特指乳房：有～有?。
噃,bo3,[粵]語氣詞，表示提醒、輕微強調：你一定要去噶～。
波,bo4,水不止貌：眼淚水～～流。
?,bo6?,①糍粑：䊦子～；②[貴]特指湯圓。
扶,boe1?,①討好；②勸誘，教唆
搫,boe4,推擠：咁多位我企，你係要來～我。
受,shau6,①聽取（意見）：佢都冇～人哋講嘅；②使加入：～佢入來；③允許某人一同：你賴姦，我唔～你耍。
㩧,bok1,（～嘢）指性交(英語：bonk)。
㩧？,bok1,（籃球）蓋帽(英語：block)。
㩧,bok1,[粵]（用棍等）敲打：～佢一棍。
縛,bok3,捆綁
壆,bok3,（田、塘邊的）壟壩，用於地名多：橫～街。
搏,bok3,[粵]憑藉，倚仗：～你大過我。
膊,bok3,上肢，近肩的部分：～頭(肩膀)。
駁,bok3,①爭辯事理，否定別人的意見：～嘴；②[粵]使首尾相連：接～｜～骨。
?,bom4,（～?）爆炸聲或撞擊聲：?哩～。
?,bom6,①擬聲詞，爆灹聲；②重物落地的響聲；③（～～聲）氣勢兇猛。
耪,bong1,①闊口的鋤頭，四方鋤（常用於行清）：～頭；②用耪頭耪地的動作
？,bong1,攆走
磅,bong6,①用金屬製成，底座上有承重金屬板的台秤；②以磅秤物：～下睇幾重；③交錢：～水
,bop1,①擬聲詞：～聲；②（～菸）吸菸
？,bot1,（～zot1）形容少量，用於否定：～都冇識。
哱,but1,擬聲詞：喇叭響～～
哱,bot1,[粵]親吻：～嘴。
不,bot1,（～律）筆，用於形容詞：直～(筆直)｜尖～(尖如筆)。
浡,bot6,<白>（溼～～）潮溼的樣子。
?,bot6,①臭氣，異味：臭～～；②[粵]擬聲，屁聲。
？,bou1,手榴彈：掟隻～過去
煲,bou1,[粵]①壁陡直的烹具；②以煲熬煮：～湯
煲,bou1,令一件事情發酵、被眾人所知：警察打人，～大佢等全世界知！
？,bou1?,（～老）大舅母。
？,bou1/bu1,用石頭等投擲攻擊。
？,bou6,量詞，一串
菢,bou6,①孵：～蛋；②蹲；③引申，窩家：冇成日～喺屋，出去盪下。
暴？,bou6?,（生～）陌生：～人。
窇,bawk4,（灰～）舊式旱厠｜（屎～）舊式溼厠。
孵,bu1,<白>同“<文>”
补,bu2,找（零錢）：～錢｜～你一文銀。
布,bu3,阻礙議事以獲讓步的宂長發言，完整音譯爲“拉布”(英語：filibuster)：拉～｜剪～。
曝？,bu3,（～露）丟人現眼
簿,bu5,裝訂好的薄書本：[粵]練習～
？,bui2,撥：～開
痱,bui6,夏季出汗過多、汗腺發炎，因此皮膚生出的小紅疹：～子
？,buk1,量詞，朵
?,buk1,[粵]處所、地方。
卜,buk1,[粵]打賭，碰運氣：反正差兩分得上，你咪～下囉
卜,buk1,[粵]硬而薄之物的泛稱
?,buk1,對農夫的賤稱：[粵]～佬｜[粵]村～。
伏,buk6,①趴着：～檯；②埋伏：～住佢｜～人；③躲避：～雞mung1｜～人
栿？,buk6,（門～）門檻
樸,buk6,[粵]量詞，串，叢，撮：一～鎖匙｜一～頭毛。
伏,buk6,<白>①同“<文>”，低下去；②[粵]（塵、土等）聚積：好多煙塵～在枱上｜堆泥～在牆啲；③[粵]使聚積，堆積：你～堆嘢在啲做乜嘢？；④[粵]塗附：爛泥冇～得上牆。
搬,bun1,雙手抱起：～佢起身。
跘？,bun3,摔倒。
？,bung1,爺爺，外公
捧,bung2,<白>同“<文>”，双手托举：～到束花｜～碗。
韸,bung4,①鼓聲；②[粵]擬聲詞，形容沉悶的響聲：～?。
？,bung4?bun4?,燃
埲？,bung6,量詞：一～牆。
埲,bung6,"①塵土飛揚：塕～；②塵埃蒙覆：啲煙塵～滿台；③[粵]圍聚，含貶義：捱蒼蠅～過｜一幫人～在啲做乜嘢；④[粵]形容極暗： 暗～～。"
捀,bung6?,①兩手分而數；②[粵]量詞，一束，一串：一～鎖匙。
?,but1,（～子）挑剔之處，麻煩事：佢隻人冇識幾多～噶。
鉢,but3,①“缽多羅”簡稱，僧侶所用的食具，像碗，底平，口略小(梵語：pātra)；②形狀像盆而較小的一種陶製器具：～仔糕。
,but6,噎着
搬？,byun1,<白>搬遷：～屋｜～到外地住。
？,caang3,（硬～）固执己見，不听勸告。
䶪,caat3,[粵]（牙～）蠻橫，一說語出「梁蘇記牙刷」。
癄,caau1,[粵]（餓～～）極餓。
？,caem3,鑔。是一种中国打击乐器，即小钹
砌？,cai3,①痛打，揍：條友畀人～唨一餐；②（～生豬肉）捏造罪名陷害：你哋噉係～我生豬肉！；③狂食：今次蒲飛我～唨成十碟野
齊,cai4,①死；②（～煲）糟糕，完蛋。
侵？,cam1,①使加入：～佢入來；②允許某人一同：你賴姦，我毋～你耍。
駸,cam1,"[粵]（塵土、煙霧 等）四處瀰漫：煙～～。"
尋,cam4,探訪：听日去～佢；～亲戚。
噚,cam4/kam4,昨：～日｜～晚
䤔,cam5,[粵]略帶鹹味：鹹～。
親,can1,①[粵]動詞後綴，表示充分條件，但凡：睇～你都在啲耍手機；②表受傷：䂿～|咬～；③[龔]表假設：佢冇來～你就頂佢上。
蹭,cang3,（歪(me5)～～）（歪歪～～）不正貌。
緝,cap1,[粵]控制，捉。
湒,cap1,（～脆）酥脆，爽口
?,cap4,[粵]踩，踐踏：冇小心～到佢腳。
愀,cau1,[粵]擔憂：冇～佢冇做得齊。
㾭,cau1,<白>[粵]（餓～～）極餓。
湊？,cau3,照顾，抚养：～仔｜老乸辛辛苦苦～大我。
？,ce1?,（e1～）因食多而腹脹
抯,ce2?,
笡,ce3,[粵]歪斜：眼～。
刺,cek3,<白>[粵]刺痛，疼痛：頭～|心～|骨～|笑到肚～|肉～。
青,ceng1,（驚～）害怕，驚慌。
巡,ceon4,（勻～）指攪拌得充分，均匀
巡,ceon4,[粵]徘徊：～來～去(焦急地來回行)。
?,ceot6?,男性生殖器的俗稱
尐？,cet1,尾綴，少量：買皿～|等陣～|過粒～。
?,cet1,[粵]（寡公～）见“寡”。
?,cet1,[粵]撕開，撕裂（紙張、布等）：～開張紙。
?,cet1,①[粵]（薄～～）薄如紙貌；②[莞塘]短，矮：短～｜矮～
"見 䟕",chaa1,以手據地。
茶,chaa4,戀愛的理想型：你係我盃～。
搽,chaa4,塗抹。
槎？,chaa5,①亂寫，亂畫：～花晒本簿；②塗改：將呢幾個字～咗佢；③（～?）干預：～晒啲嘢。
搋,chaai1,用力揉物：～麪粉
？,chaai4,詆譭，說壞話：你冇係度直個～我｜～檯。
？,chaai5?,歪，不正：嘴～～
滲,chaam3,<白>同“<文>”，液體漸漸侵入或漏出：～水。
䴼,chaan3,①茬，農作物收割後剩下的短莖或根；②（同～）同一年的：我共你同～；③一段時令，一段時间：箇～年(這些年，現如今)；④一批，一組：喫齊上～又有下～。
剗,chaan3?,鋤草而不帶泥：～草。
鐺,chaang1,平底的鍋，俗作罉。
劖,chaang3,很亮：～眼｜光～～
牚,chaang3,（桌子等）支撑物：椅～｜腳～
撐,chaang3,①支撐：～檯腳；②支持：去～下佢哋
倀,chaang4,（～雞婆）惡女人。
鋹,chaang4,同“倀”
臿,chaap3,[粵]簸箕：垃圾～。
㔍,chaat3,猛喫，大吃（一頓）：去～返餐九大簋先。
?,chaau1,動物用角頂：佢細陣時著牛～過。
吵,chaau2,發牢騷，抱怨：～??。
耖,chaau3,[粵]翻找：～條衫出來｜～身(搜身)。
巢？,chaau4,（紙、皮等）破皺，不美觀：張紙挨你整到～嗮。
?,chak1,（黐～～）猶言黐甚。
筴,chak1,[粵]①粉籬，盛米粉的簸箕；②雙手持盤盛粉上下頓的動作。
趻,cham2,①（～踔）同“踸踔”；②行貌；③[粵]脚踏：一脚～落去。
踸,cham2,①（～踔）跛行貌，亦指布散或迅速滋長；②[粵]特指跛行的樣子：行路一～一～。
沉,cham4,[粵]形容人說話囉嗦：吟～。
怎？,chan1,（～子）疑問詞，如何。
抻,chan1,①拉長；②伸：～手出去撩果仔；③特指休息時伸展手腳：上牀～一陣。
趁,chan3,①利用時間、機會：～早｜～機搏亂；②往，赴：～圩；③[粵]去某處散步、購物：～街｜～展。
僜？,chang2,顛簸：條路好～。
？,chap1,一種清洗動作，指用手將被洗物，浸於水中又從水中抽離出來的反覆動作。
出,cheot1,①長出，生長出，滋生出：～痘（得水痘）｜～痘豬肉（患豬丹毒病豬的肉）｜～蟲（水果等漚久後滋生蛆蟲）；②産出的量多：箇種米～飯（這種米煮出來飯多）｜箇種肥豬肉冇～油（這種肥豬肉煎出的油不多）｜箇種礦～鐵；③呈現出某種狀態、樣貌：～水（鹽等受潮後呈流體狀）｜～漿（肉等被絞或碾或剁成糊狀）｜米粽要煠～粒先好喫（粽子要煮到顆粒分明的程度才好喫）；④相似，像：佢生得好～一個歌星｜好～真嘅是。
？,chat4/chik4?,量詞，小布塊：一～布。
抽？,chau1,打架：冇忿啊，隻～囉。
搊,chau1,①提起：～褲頭帶；②掀：～翻轉(掀翻)；③[粵]搬起，提起，又見“摳”：冇～得?。
醜,chau2,①羞：驚～；②（～人）丟人。
車,che1,[粵]①（衣～）縫紉機；②以機器縫製：～衫褲；③以機牀加工：～零件；④以車輛運送、運載（人或物）。
譇,che1,說大話，吹牛：～大奅｜～髦。
差,che1,毛髮豎起：頭毛～～｜劖～～
誃,che2,<白>離別，離開：我～先｜～人。
䚦,che2,傾斜：歪～。
赤,chek3,紅色的：～色｜～小豆。
膥,cheon1,①卵：雞～；②睾丸：～袋；③卵狀物；④生物褪下之物：水蛇～(蛇褪下的舊皮)。
check,chep1?,"檢查 (英語：check)、控制：捱～"
摛,chi1,①舒展，散佈；②鋪陳；③[粵]手或腳向外伸展：～開你腳喴。
黐,chi1,①[粵]粘連；②[粵]同“黐線”，精神病：～～地。
扡,chi1,<白>[粵]順紋理撕開：～紙。
恃,chi5,倚仗：渠～渠屋企有錢，講話就目中無人。
？,ching5?,盛（水），裝（水）
徹,chit3,及時完成：工太多，做冇～｜佢行得太快，我跟冇～。
？,cho3/choi3,屈指鑿頭
鋤？,cho4,消費後被漫天要價：去食海鮮著人哋～。
唓,choe1,[粵]嘆詞，表不屑。
唓,choe5,[粵]歎詞，表失望。
焯,choek3,白焯，焯水，用涫水煮熟
唱,choeng3,公開非議：～衰｜死命～佢。
?,chok1,受衝撞而扭傷肌肉、關節：～傷｜今日打球～親手指頭。
？,chok3,[粵]套話，引某人講出實情。
擢,chok3,[粵]驟然用力拉扯（繩索等）：～下條索。
瘡,chong1,皮肤之肿烂溃疡
吹,chooi1,①（～脹）生氣而無可奈何；②“吹脹”之類的省語：我有錢過你，～咩？
炊,chooi1,[粵]蒸煮：～發糕。
?,cooi4?,（不好的）氣味：男人～
吹,chui1,水帶走、捲走：大水～咧三隻豬。
？,chuk1,摔在地上，落地很重：～爛我嘅屎胐啦！(雞蛋摔爛也可以用cuk)。
搐,chuk1,（肌肉及筋）牽動：抽～。
束,chuk1,將衣衽收入褲腰：～衫｜～裝。
觸？,chuk1?,觸碰：千祈冇～到個條電線。
?,chung1,①見；①認爲：聞講肥婆又揾嘞隻男朋友，我諗～冇會久嘅。
涌,chung1,小河，河溝。
寵,chung2,（使）繼續生長：～頭髮｜～鬍鬚｜韭菜～髙再喫。
？,chung3,烤
揰,chung3,①推擊（一般水平方向）：咪～我；②[粵]（一般不小心）撞，觸踫：～到我手㬹㞘，好麻吖｜冇小心～瀉啊杯水｜～著整甩插頭；③[戎墟]（氣體）直衝：一開鑊蓋，成zham6蒸汽～過來
偅,chung3,[粵]（儱～）见“儱”。
埕,chyng4?,①裝酒的壇子：酒～；②量詞，壇：一～酒。
？,chyu2,傳遞：～張紙畀我。
除,chyu4,"①[粵]從中去除，取出：捉啲書～出來；②[粵]脫下衣物 ：～衫；③[欽]（～電）斷電器的電。"
？,chyu5/zhyu6,推、擠：將盤菜～出邊｜硬硬～畀我。
穿,chyun1,皮膚受傷有傷口：今日整～隻手
諯,chyun3,①囂張：你好～喎｜～世；②囂張地挑釁：～佢出手。
？,chyut1,形容人或車的快速通過，突然竄出：部車係左邊～出來。
似,ci5,像：～你咁戇嘅人都少見。
塹,cim3,①小河，河溝：呢度以前有條～㗎；②地名：～口。
凊,cing3/1,凉：凐～～。
?,ciu1,[粵]（?～）打噴嚏。
繰,ciu1,縫紉時捲邊藏針腳的縫法：～褲腳
銼,coe3,（～鎖匙）配鑰匙
？,coeng3,專門挑柴草的扁擔
？,choeng3?,①找散錢(英語：change)；②找換不同貨幣(英語：change)
啋,coi1,表示斥責，相當於“呸”。
在,!coi5,強調狀態的尾助詞，與“仲”或“未”成框：我仲讀緊書～｜我未食飯～。
在,!coi5,①表示程度高、數量大的誇飾句末的語氣詞：啊只賣藥嘅眲了佢成一千文～；②助詞，表示綽綽有餘：冇使狂，重有大把時間～。
在,coi5,<白>①同“<文>”，表示時間地點範圍等
篸,com2,[粵]（垃圾～）用於掃地之後把垃圾從地上撮起來的鐵皮或塑料製器具，訛作垃圾鏟，一作垃圾臿。
䱽,cong1,（～魚）即鯧魚，體側扁而高，沒有腹鰭，背部青白色，鱗細。
操,cou1,操心，擔憂：我還～我哋唔夠食｜冇～佢冇做得齊。
草,cou2,"十文 (1草=10文)。"
槽,cou4,把準備宰殺的雞鴨鵝關起來餵養、催肥：～雞│～肥嗰隻鵝。
嘈,cou4,①（～雜）聲音雜；②[粵]吵鬧：咪～｜～喧巴閉｜～天巴閉。
？,cou4/cu4,（毛～～）毛森森
取,cu2,①搶：其～我支鉛筆；②捕取：～鳥；③買。
聚,cu5,聚集，收撿：～錢
噈,cuk1,同“?”。
噈,zuk6?,[粵]異物刺激氣管，嗆：著煙～到｜～鼻。
村,cyun1,①土里土氣：佢個身打扮幾～喎；②鄉下的：～佬。
打,daa2,連詞，表示選擇關係：究竟邊個～邊個㗎？
打,daa2,①指示由來方向，同“從”；②方位助詞，同“喺”
？,daa4,（di4～）雨聲
？,daa6,（～～）嗩吶
大？,daai1,或“大兒”合音，用於“咁”結構，言小：隻肉包得咁～，一啖就冇啦
覘,daam1,抬頭，仰頭：～天望地(形容東張西望)｜～頭起身。
鵮,daam1,[粵]以嘴銜物：隻羊著老虎～走嘹。
啖,daam6,[粵]量詞，口：頭～湯。
憺,daam6,安穩，泰然：～定(沉着、鎮定)。
,daam6/daan6,蓋住
？,daan3,竹子或骨頭開裂。
疍,daan6,指疍家，水上人：～民。
搭,daap3,①搭配：個件衫～那條褲好睇；②擱，放：捉衣裳～在竹篙上；③載，乘：開車～人｜～車｜～船；④立起：～梯；⑤[粵]橋接：～電｜～網。
溚,daap3,①溼：[穗]～溼；②任由淌落：快啲抹汗，～住啲汗冇好；③（～渧）水滴聲。
沓,daap6,①[粵]疊放，疊置：～埋一齊；②疊狀物：一～紙
瘩？,daap6,生在背部的癰
踏,daap6?,鐘錶的分針正對著某個數字：五點～八
?,daat3,[粵]用力往下摔，摔下：～啲貨落地底。
笪,daat3,[粵]量詞，塊。用於地方、空間：一～地方。
躂,daat3,失足跌倒。
鵮,daem1,鳥啄物：雞～米
？,daep6,（溼～～）溼噠噠
底？,dai1,物：乜～
低？,dai1?tai1?,放下：個箱你～落就得。
抵,dai2,①[粵]值得，劃得來；②[粵]忍受：難～；③[粵]理應如此：～死。
遰,dai2/zai2,去：你～在北流啦？
渧,dai3,水滴。
,dak4,踢
樴,dak6?,短木樁
？,dam1,[粵]（酸～～）味酸。
抌,dam2?,[粵]擲下，或借自英語(英語：dump)：～啲菸草落大海。
噋,dan1?,①[粵]大聲斥罵：阿媽成日大聲～我；②（惡死?～）惡狠
？,dan1/deon1/zeon1/zan1,（～屁）放響屁；（～牛閪）吹牛屄。
沌,dan6,形容人意識不清：瘟～
砘,dan6,[粵]以重物壓：攞嘢～到沓文件喴，等下著風吹走咯。
等,dang2,①[粵]容許，待：～我來幫你睇下；②[粵]承接：～水；③[粵]攜帶禮物去探望親友：帶啲果去～外甥妹；④以便：你開車來接我，～我冇使行路返去；⑤助詞，帶有斥責的語氣，相當於“怎麼還”：乜嘢天時，～出去？
？,dang4/dam4?,（重～）很重
戥,dang6,"①一種小型的秤，用來稱金、銀、藥品等分量小的物體；②[粵]與…相當，相稱：冇～得上你身份；③[粵]湊，補整：～秤；④[粵]代替，接替：佢嗰份表格未做齊，你～佢做齊去喴；⑤[粵]跟，陪同：我～小明一齊去學校；⑥[蒙]扶；⑦[莞塘] 共同：～家一齊去｜～家份。"
？,dap1,剁：～斷
耷,dap1,①下垂；②多形容垂頭喪氣：頭～～｜～頭～腦。
？,dap1/zap1,用草藥敷。
？,dap6,摔倒，跌倒：～跤。
塌,dap6,砸：隕石～死人|～到腳。
?,dat1,①放置（瞬時動詞）：攞個花瓶～在屋廳；②處在某個位置（持續動詞）：成日～在電腦前面打機。
？,dat1,方位助詞，處：邊～。
突,dat1,[粵]鍥入、扎入：你～在路中間做乜？
?,dat4,擬聲，使用衝擊鉆時產生的間歇性聲音
垤,dat6,<白>[粵]形容矮：矮～～。
?,dat6,<白>[粵]①比喻立而不動：定～；②（厚～～）極厚。
？,dau3,用手觸碰：冇～我啲嘢。
逗,dau3,惹：毋～佢哭。
鬥？,dau3,（～毒）刻意唱反調刁難。
竇,dau3,<白>窝穴：狗～。
斣,dau3/zau3,以物易物等值交換：我隻貓～換你隻狗，得嗎？
?,dau6,①托起；②討取（利是等）：～利是｜～錢。
？,de1/ze1,用指頭按：～手機。
嗲,de2,長時間地低聲細語：快啲啦，～咁耐做乜啊。
嗲,de2,①用嘴唇亲；②嬌美(吳語)：做～｜詐～｜上海妹特別～噶。
?,de4,（因無力而）下垂貌：軟～～｜髧～～
嗲,de6,[粵]完整體助詞，同唨：飯煲好～。
趯,dek3,快走、跑
糴,dek6,買進糧食，與“糶”相對：～米。
掂,dem3,[粵]觸碰：醫生喊我傷口三日冇得～水。
䠄,den2,①行貌；②[粵]打滾：只細佬哥在地底啲～來～去。
？,den3/din3/zen3/zin3,甘蔗每小段之間硬的節。
牮？,den3/din3/zen3/zin3,支撑：攞條棍～實扇門冇畀風吹脫｜書檯腳冇一樣長，搵張紙～上。
釘,deng1,避諱語，（人）死。
叮,deng1,<白>①同“<文>”，蚊蟲等用針形口器吸食；②擬聲詞；③[粵]擬聲詞，借指貨郎兒：～～佬｜～～公。
頂,deng2,<白>[粵]帽的量詞，一作?
？,deng3,瀝下：等件衫慢慢～乾水
椗,deng3,[粵]植物的花、葉或果實跟枝莖連著的部分：蘋果～。
掟,deng3,[粵]扔、丢。
埞,deng6,[粵]地方：揾笪～坐低。
腯,deot1,[粵]泛指肥胖：隻細佬哥生得肥～～。
䑜,dep1,[粵]（酸～～）见“酸”。
䠟,dep3,動物的蹄尖：豬～|豬腳～。
㗧,det1,[粵]①擬聲詞，形容喇叭聲；②以喇叭聲告示：～佢！
咄,det3,<白>同“<文>”，呵叱：大聲～佢。
㦅,det6,不安貌：?～～。
?,det6,[粵]閉口，不作聲：～～|～闃闃。
佻,deu1,行爲放蕩：～婆
吊,deu3,<白>[粵]形容（因無力或不堅固而）下墜並晃動的樣子：軟～～。
叼,deu3?,發脾氣，耍性子不講理：發～。
稠,deu6,<白>[粵]（漦～～）见“漦”。
掉,deu6,<白>[粵]形容（因無力或不堅固而）下墜並晃動的樣子：軟～～。
調,deu6,<白>常理，常規：[粵]對～。<
？,di1,（麻～）麻雀。
知,di1,<白>
地？,di2,放在形容詞後，相當“的”（前面的形容詞多爲AA疊詞類型）：傻傻～
？,di2?,撲克“鋤大地”中，對2的稱呼
,di4,"（～～dih7 dih7）很零碎"
,di4,（～daa4）雨聲
哋,di6,[粵]用於人稱代詞後，表複數：我～。
緻,di6,<白>[粵]嚴密，密封性好的：扇門冇關得～嘹。
扚,dik1,①拉，扯：～燈睏覺；②抓起（人）：～佢出來｜～佢起身。
,dik1,輕手輕腳地走路
滴,dik1,（～惜）形容人或物精緻可愛：隻妹仔夠～哦。
掂,dim1,用手架住：～尿(slui1)～屎
踮,dim3,提起腳跟，用腳尖著地：～腳｜～起身望。
扂,dim6,①[粵]筆直而不彎：～過坴蔗；②[粵]妥當：搞～；③[粵]豎直，常與“橫”同用：打橫打～｜橫睇～睇。
癲,din1,精神錯亂：[粵]～廢｜～佬｜你又發～喇。
叮,ding1,加熱，擬微波爐加熱結束時的聲音：放落微波爐度～熱佢
？,dit1/zit1,暫停：暫～。
跌,dit3,①失足，摔；②下降；③[粵]丟失：打～；④[貴]（～色）退色。
屌,diu2,①男子性交時的動作：～閪；②壞，討人厭，不講情義：啊䊆人好～
吊,diu3,貨幣單位
多,do1,放在形容詞後，表示“太，過於”：甜～，少～
朵,do2,花名，名號，身份，招牌：響～｜燵～
堕,do6,下墜
垛,do6,[粵]垂直放置：～隻鑊上去。
多？,doe1,或“多兒”合音，用於“咁”結構，言少：得咁～錢，鬼同你撈咩。
朵,doe2,<白>
?,doe4,①[粵]水流的样子：～～聲；②引申爲尿：屙～～。
？,doe4?,①水流聲；②水緩流。
斲,doek3,剁，斬
袋,doi6,裝在兜、包裡：～好啲錢｜～～平安。
督？,dok1,眼睛一動不動地盯著。
度,dok6,比照而測量：～下有幾長｜～身定做。
丼,dom2,物入水聲：～一聲跌落水。
醓,dom2,<白>[粵]蘸，使液體、粉末等附著：三華李要～甘草鹽正好食｜～料(蘸料)。
䪴,dam3,痴貌：佢睇起身～～個｜～?。
,tom4,墨、墨水或其他物體滲透不清
,tom4,糊塗
？,deng6?,①條狀物下垂：條電線～落來；啲啲～～；②水下滴：水～～。
髧,dom3,[粵]鬆弛，下垂：～落來｜～??
醰,dom5,[粵]果蔬等過熟變質的味道：臭～｜臭水～。
？,dom6,（～cjit1）猜石頭剪刀布
,dom6?,（圓～doe4）圓圓的
檔,dong3,店鋪：～口｜開～｜豬肉～。
趤,dong6,①[粵]玩耍；②[粵]閒逛：～街。
？,dong6?,（～光）非常亮
？,dong6?,（大～）乞丐
膇,dooi1,臃肿，肿胀：面～～。
倒,dou2,伐木：～樹
毒,dou6,給下毒：～蟲｜～蟲藥｜～老鼠。
䆃,dou6/zou6,摘取（果實）：～桃子。
都,du1,①也：～好；②（～係）還是：我～行路去囉。
,du1?,完整體助詞，同“唨”。
倒？,du2,左右：爾舊嘢大概兩百文～啦
度,du6,①方位助詞，處：邊～；②量詞，重、次：在哋釘幾～
度,du6,①量詞，股（用於氣味）：一～味；②（氣～）氣味，或特指體味：佢啲～特別重。
？,du6?,（慢～）磨蹭。
堆？,dui1?,"（～?）(dui1 lui1)量詞，巨堆。"
隊,dui6,[粵]人稱複數，同“哋”
篤,duk1,同“㞘”，用於地名，指海岬：陰澳～。
涿,duk1,<白>[粵]量詞，用於計量尿、屎、屁：一～屎。
㞘,duk1,①臀部；②[粵]泛指物體的底部。
?,duk1,[粵]刺、戳：～下佢｜～灰(告密)。
?,duk1,[粵]①同“㞘”“䐁”；②慣用於地名：黃坡～。
叾,duk1,[粵]①同“㞘”“䐁”；②慣用於地名：西貢～。
？,duk4,（手～）手㬹㞘。
,duk6,輕放，平穩的放下，放置：啊碟菜～上檯
東,dung1,[粵]作東，請客：～你去飲下午茶。
?,dung1,[粵]披覆，向上頂撐：～水衣｜～雨遮
凍,dung3,①天氣冷：今日好～；②冰冷：食～嘢對胃冇好。
？,dung4?,以拳打：一拳～過來
㢥,dung6,[粵]豎立：～塊木起身
動,dung5,[粵]動作等的程序、階段：第一～。
蛀？,dyu3,"①（蜜蜂等）蜇,虫蛀；②[戎]蠶食、狼吞虎咽：一檯菜冚唪唥捱佢～嘥。"
嘟？,dyut1,（肥～～）肥嘟嘟
？,dyut3/zyut3,（忽然）站起：睡睡覺又～起身去屙尿。
喏？,e1,①理睬：佢冇～我；②吭声：吓到～都冇敢～。
？,e1?,（～ce1）因食多而腹脹
？,e2,拗：～斷。
？,e2?,（～ze2）做事不認真
矣,e5,助詞，表示動作已完成，相當於“了”：做齊工～｜食完飯～。
躽,en2,身體向前彎曲，挺起（胸、腹）：見親～到只肚嘅大肚娘媽，我都主動讓座畀佢哋。
㰽,en3,（聲音，排泄物等）用力令其從身體內出來：～大聲(用力疾呼)｜～屎
？,en6/hen6/hin6/jin6,（頸）瘦小：頸～～｜～頸鍋（一種沙煲）。
噎,et1,[粵]吱聲：一聲冇～就走嘹。
?,et3,[粵]①擁擠：公車上好～；②緊貼，貼擠：冇～我喴！
噎,et6,打嗝聲：食飽打～。
吆,eu1,①叫、喊：冇～咁大聲；你阿媽～你回屋食飯。②稱呼：你～做乜名？
化,faa3,（～口）食物進入嘴後變得鬆軟，易咀嚼
化,faa3,隨遇而安：睇～。
塊,faai3,量詞，用於面等片状物：睇下你～面
犯,faam5,阻礙，侵犯：我企在卜又冇～著你，你擁我閃開做乜。
翻,faan1,[粵]颳：～風
返,faan1,①恢復：～生；②回復體標記，再，又：爲咗出國，我又執～英語喇。
反,faan2,"[粵]謾罵或說教： 事情都已經發生嘹，你仲在啲～有乜用？"
法,faat3,方式助詞：你揸車噉子揸～會死噶
礊,fak4,①象聲詞，揮鞭聲；②[粵]鞭打；③[粵]彈，反彈：～弓(彈弓)。
瞓,fan3,[粵]①睡，本作“睏”：～覺；②躺：～低。
份,fan6,量詞，相當於“個”，用於談論人的性格或性情時使用：佢～人就係噉呅嘅。
忿,fan6,①捨得：佢冇～得畀嘢我食；②甘心，服氣：～得｜～輸｜比賽輸矣，好冇～得。
笏,fat1,①狹長平滑的港灣或海岸，用於地名多，或自“胐”：馬屎～；②地名，集中地，或因客語同音簡自“鬱”：掃管～。
窟,fat1,量詞，（一塊）地方：一～地｜姓乜名乜住喺邊一～。
胐,fat1,臀部：屎～臀｜屎～
欻,fat6,[粵]擬聲詞，形容迅疾移動的聲音：佢行路～～聲｜～一聲冇識去到邊地。
否？,fau1,否決，淘汰(英語：foul)：佢個建議挨～矣｜挨女朋友～矣；～出局。
䤵,fe2,①錢，零錢(英語：fare)；②（遊戲等）用於兑換的代幣。
？,fe4?,象聲詞，形容漏氣聲：～～聲｜車轆～～聲噉漏氣。
啡,fe5,（le2～）不修边幅
㵒,fe6,射擊，射，噴射
？,fen1,[粵](英語：friend)①朋友；②友好的：我同佢好～㗎。
,fet1,囂張：咁閪～｜你好～。
艴,fet1,<白>①同“<文>”，淺色；②[粵]形容紅色艷麗：紅～～。
?,fet1,[粵]形容時髦的，惹眼的：風～｜花～(顏色紛繁而不莊重的)。
飛,fi1,（～髮）剪髮
飛,fi1,票據(英語：fare)
飛,fi1,被情侶的一方拋棄
肥,fi4,多油，油膩
肥,fi4,①胖：～仔；②長胖：又～唨一斤。
火,fo2,指用電器的功率，瓦：嗰隻燈泡幾多～嘅？
縛,fok6,捆綁：攞條索～起身。
紡,fong2,[粵]簿子，本子：書～｜作業～。
胡,fu1,<白>（麻～）见“麻maa1”。
戽,fu3,（將液體）从下掀出、翻出：～水
戽？,fu3,踢開：～被。
颫？,fu4,擬聲，風呼嘯貌：風吹得～～聲。
符,fu4,（～法）①泛指迷信活動；②花招，花樣：你搞咩～。
飛,fui1,用於地名
幅,fuk1,量詞，片、塊（被、布、田、牆等）：一～牆。
覆,fuk1,回覆，回應：佢冇～我電話
封,fung1,①參加宴會時給予禮金：～禮；②量詞，用於封裝物：一～炮。
？,fung2,（老lou2～）一定。
埄？,fung4,佔地面積單位，多用於樓房：一～地。
闊,fut3,①寬闊，寬敞：間屋好～；②（衣服）尺寸大：件衫～過頭；③寬度：度下嗰張檯有幾～；④富裕：～佬。
噶,ga3,同“箇”，表領屬，常弱讀。
家,gaa1,同“今”：～下｜而～。
枷,gaa1,①一種套在頸部的刑具：～鎖；②[粵]代指套在幼兒頸部的布帛：口水～|漦～；③[粵]暈，光環：日～；④[粵]雲肩。
架,gaa3,量詞，多指有支柱或有機架的物體：三～飛機
架？,kaa3,<白>（～勢）
㗎,gaa3,①[粵]語氣詞，“個啊”之合音：係咩來～；②[粵]“嘅啊”的合音：支筆是你～？
㗎,gaa3,[粵]（通～）如何，點
㗎,gaa4,俗指與日本有關的人和物：～仔｜～妹｜～話。
架？,gaa6,（丟～）出醜，丟人，丟臉
?,gaa6,①同“架gaa3②”，搭設：～塊板上去；②[粵]雙手抱起：～佢起身。
解,gaai2,除下衣物：～褲。
刏,gaai3,①劃破：捉啲魚～幾刀，聽佢好入味；②鋸斷：～木板。
解,gaai3,押送財物或犯人：押～。
？,gaai6/gak6,壓：攞嚿石～住沓紙冇畀風吹飛。
隔,gaak3,阻擋固體，把液體倒出：～丟啲水。
膈,gaak3,"人或哺乳動物體腔中分隔胸腹兩腔的膜狀肌肉。 亦稱“膈膜”、“橫膈膜”。"
監,gaam1,①察看，督察：～工；②關犯人的地方：～倉；③[粵]強迫：～佢食嘢。
監,gaam3,[粵]強迫，用於特定詞彙。
梘,gaan2,[粵]同“鹼①”：香～。
揀,gaan2,挑選：挑肥～瘦
間,gaan3,分隔：係度起埲墻，～開嗰間房。
？,gaan3?,（價格）平，賤
？,gaang1,（傻～）傻
羹,gaang1,①用蒸煮等方法做成的糊狀、凍狀食物：肉～；②[粵]湯水：煲～；③[粵]匙，淺勺：調～；④量詞，勺。
逕？,gaang3,（～口）兩山之間的通道
挭,gaang3,①[粵]攪拌，拌勻；②[粵]費力涉過：～水過河。
？,gaang6,（～蟲）臭屁蟲
？,gaap3,量詞，處：一～地方。
佮,gaap3,①相合，聚合：～幫｜～份；②[粵]相處：好～。
胛,gaap3,①（肩～）背脊上部跟兩手臂連接的部分；②（肩～骨）肩胛上部左右兩塊三角形的扁平骨頭；③[粵]禽類的上下截：一～燒鴨。
甴,gaat6,（～曱）蟑螂，又寫曱甴。
膠,gaau1,①“㞗”之避諱：硬～；②衞道士(高登，本或自“㞗”)：真心～。
膠,gaau1,[粵]①橡膠或橡膠製品：～擦｜擦～；②塑料或塑料製品：～鞋。
滘,gaau3,水道互通處，用於地名多：西～。
漖,gaau3,同“滘”，用於地名多：東～。
校,gaau3,（～飛）比喻浪費錢財或不珍惜生命：闖紅燈係攞命來～。
骹,gaau3,①脛骨近腳處較細的部分，亦指腳：坐石浸兩～，炎膚起芒粟；②軸狀物體較細的部分：參分其股圍，去一以爲～圍；③[粵]關節：牙～。
校,gaau3,[粵]調節
鉸,gaau3,①機構的旋轉副：門～；②（～剪）剪刀
噱,gaek1,笑話，笑話的精髓，笑點，梗(英語：gag)
？,gaem1,"①（電動）遊戲(英語：game)；②[梧]量詞，（遊戲的）次、局(英語：game)：三～兩勝；③[穗]（遊戲、球類運動等）被打敗（英語：game over）：咁快就～咗。"
交,gaeu1,<白>[粵]①相鬥，打架：打～；②泛指人與人之間的衝突：爭～。
鷄,gai1,形容某人投籃或射門總是打偏：～槍
鐖,gai1,（小型）機關、器械：挽～｜火～｜焫～｜吹～。
膎,gai1,①[粵]霉斑：乌～；②[粵]疤痕：?～。
,gai1?,給，畀。
繫,gai3,存留，裝：支筆～好落衫袋。
計,gai3,①按，依：～你咁講；②策略，計謀：諗條好～未？；③以爲：咁耐重未見你，我～你冇來矣。；④有顧慮，無法：佢一日嫽到黑，冇～食又冇～睡；⑤計算：～下條數。
偈,gai6,[粵]（傾～）談天，本或作“欬”。
,gak1,（～ngak1）打嗝
胳,gak4,<白>（～肋肢）。
噤,gam3,閉合：～住你張嘴！
巾,gan1,量詞，用面巾擦一次臉：洗面要洗兩～先乾淨。
跟,gan1,尋找：～著｜去～我男仔。
緊,gan2,急於：宜加生活好，個個都冇～食嘅
？,gan3,煮熟雞的一種方式，先燒開熱水，再將雞置於沸水中，以微火加熱。
臤,gan3,能幹，出色。
?,gan3,①[粵]（物體）冰涼，本或作“凚”：啲水好～；②[粵]冰鎮：放落冰櫃～下。
緪,gang1,①粗繩；②緊，使繃緊：～瑟兮交鼓｜掹～條索｜～住隻手。
梗,gang2,[粵]肯定：～係｜今次你死～嘞。
？,gang3,傾倒：～皿油落粒鐺炒菜。
？,gang6,使物體保持穩定，穩住：用磚頭～台腳，～住䊆梯。
急,gap1,坡陡貌：斜坡好～。
匼,gop1?,躲藏（特指人）：我老公返來喇你快啲～埋。
？,gap3,捉捕。
？,gap4,①按住，撳；②緊閉：～實嘴。
?,gap6,[粵]盯着：～實
？,gat1,（耳～）耳。
㓤,gat1,[粵]用尖銳的物體刺：～手
㓤,gat1,大力地捅入：其个肚俾人用刀～减一刀
䞘,gat6,①行貌；②[粵]行：你～去邊度；③[粵]滾開：～路
?,gat4,①單足跳行；②跛行。
疙,gat4,（～瘩）凸起物，绳结：打～
？,gat6,（～naa1）彆扭：啊䊆人䊆樣好閪～，做事又～
跀,gat6,"①[粵] 向上伸展，又作“揭”：～高；②（～雞）（～鐖）舊式火槍之槍栓：摱～鐖。"
揭,gat6,①擔，負：人老嘹，一包米都冇～得?嘹；②高舉：～竿；③[粵]翹起：屎胐～～；④勃起。
勾,gau1,（眼～～）渴望的眼神
痀,gau1,駝背：腰～
㞗,gau1,[粵]男性生殖器：～屘｜～脧
夠？,gau3,筋疲力盡，累
夠？,gau3,原本就已經：我～知咯，使你講咩。
嚿,gau6,同“䊆”。
䊆,gau6,①量詞，塊，團：一～肉｜一～泥｜一～屎；②量詞，指一百文：一～水。
？,ge1,摁：～按鍵。
嘅,ge3,[粵]助詞，相當於“的”：我～夢想
㾨,ge5,（人）矮：老～。
?,gi1,①這裡，或爲合音字；②[高]這，近指，同“呢ni1”，或作几：～度｜～隻
搛,gem1,[粵]（用筷）夾：～菜
驚,geng1,<白>驚慌，害怕：我好～～到冇敢出聲；我至～蟲。
頸,geng2,脖：～筋(脖)
夾,gep1,槍械的子彈夾：上～。
篋,gep1,（放行李或雜物的）小箱子
夾,gep3,<白>夾：～餸、～菜
澀,gep3,味道不滑潤：苦～。
,get1?,声音很尖锐地説
？,get6?,吝嗇：～ngat7。
繑,geu2,①纏繞：條繩～到實澌；②絆倒：你專登伸條腳出來～我。
徼？,geu2/giu2,玩耍：～街｜上南寧～。
詨,geu6,說不熟悉的語言：同撈佬～普通話好費力。
伢？,ghia1,（儂～）嬰兒：～湯(胎盤湯)。
基,gi1,[粵]男同性戀，同“㚻”：搞～｜～佬。
㚻,gi1,男同性戀：搞～｜～佬。
？,gi2,"（～goe4 goe4）鼻鼾聲"
幾,gi2,①多少：～多；②甚：風景～令喎。
？,gi4,"（～～gat6 gat6）說話結巴"
激,gik1,[粵]①使生氣，激怒：～死佢；②（材料等）使變異、使變質：用啲水泥～下啲石。
？,gik6,（slak1～）串門或出去玩
兼,gim1,[粵]（～夾）（～之）而且，此外：落咁大雨，～路又難行。
儉,gim6,（～惜）珍惜、愛護
堅,gin1,可靠，可信：你啲料夠～冇？
見,gin3,覺得，感覺：我～佢生得好靚仔｜你～如何？
？,ging1,裂痕
？,ging1,簸箕沿邊的主藤或竹蔑，之起定形作用者
驚？,ging1,物體外表無恙，而內部破碎的狀態：支鉛筆塌落地底～休嘹。
儆？,ging2,疼愛：咁～你
？,ging4,"(～ling4 gung4 lung4)擬聲，重物（反覆碰撞）而發出的響聲"
勁,ging6,厲害，了不起：佢乜嘢都識，真係～。
,gip1,金屬四合釦
,gip1,（～帽）鸭舌帽
結,git3,①[粵]摺紙；②[粵]堅固，堅硬。
？,giu2,撈魚用的小網兜
撟,giu2,擦拭：～地，～檯面
？,go1,（鼻～）鼻子。
？,go1/goi1,（～～子）兇狠的樣子
嗰,go2?,[粵]指示詞，表中指：邇本書係我噶，～本書係你噶，啊本書係佢噶，哪本書係乜人噶？
䯉,goet4,（gi4～～）鼻鼾聲
?,goe4,忿氣：冇～啊，打過囉。
？,goeng6,搪瓷碗
㴶,gok3,汗水浸溼衣物，或溼衣物弄溼乾衣物：出咁大汗，裡底啲衫褲都挨～溼澌。
攫？,gok3,（～火罐）拔火罐
桷,gawk3,椽：～皮(椽子)
甘,gom1,①食物入味；②徹底：打鑊～嘅
噉,gom2,[粵]①“個物”合音，指示代詞，指代方式，這樣，那樣；②後綴，狀語標誌：好好～講
咁,gom3,[粵]①“個物”合音，指示代詞，指代性狀、程度，這麼：～犀利；②一樣，似的：芿得紗～亂。
黚,gom4,浅黄黑色：黄～～。
扛,gong1?,用肩膀負重扛著：袋米～上膊頭
？,gong2?,犟
扛？,gong6?,將重物放置在另一重物上：～個張檯上(sjoeng5)去
?,gou2,（?～）螻蛄。
？,gu1,完整體助詞，同“唨”。
孤,gu1,[粵]（～寒）①吝啬；②窮困
牯,gu2,雄性（動物）：牛～
蠱,gu2,巫術，借指捉弄人的行爲：整～
估,gu2,①猜：[粵]你～下？；②[粵]謎語的答案，謎底：開～
䀇,gu2,①一種烹飪器皿，深鍋；②[粵]盛飯或湯的盆子：一～飯。
古,gu2,故事：～仔｜講～
咕,gu6,形容鬧脾氣時撅嘴的樣子：～住張嘴｜～住隻閪相。
掬,guk1,①[粵]收聚：～氣(屏氣)；②蓄力，使勁：～力
侷？,guk6,（～著）被迫，不得不
跼,guk6,（～腳）腳因鞋子短而感到不適
供？,gung1,用好飼料餵牲畜使之迅速肥壯。
矼,gung1,堅硬的：硬～｜生～。
拱？,gung2,（肚～）腹脹。
?？,gung3,鑽，穿過：～狗竉。
？,gung4,擬聲詞，雷聲。
共,gung6,和，連同：我～你
供,gung6,<白>伺候：～仔｜～儂
?,gut6,①飲聲：～～聲噉飲；②[粵]大口吞飲：天時咁熱，一口～齊一瓶礦泉水都未解渴。
？,gwaa1,人死去：～老襯。
胍,gwaa1,（腿、臂）隆起的肉：腳～｜手～
寡？,gwaa2,人少而顯得冷清：佢哋個個都來齊晒，唔使得我一個人出場咁～。
？,gwaa2,現在
剮,gwaa2,食物引起的腸胃不適感：肚好～｜酸嘢～肚。
啩,gwaa3,語氣詞。表示半信半疑，不是十分肯定：唔係～？
乖,gwaai1,[粵]親吻：～嘴。
慣,gwaan3,[粵]動詞後綴，慣常體標記，慣於，常常，多略帶主觀義：我飲～咖啡。
梗？,gwaang2,植物的茎
梗肱？,gwaang2,手腕：手～
潏,gwaat3,①水湧出；②[粵]溢出：滿～。
刮,gwaat3,①劃破；②搜刮，斂財：佢利用職權～矣好多錢；③[粵]（黑話）找人：～佢出來
刮？,gwaat3,①[粵]（藥物、食物等）促瀉：～肚；②墮胎。
佸？,gwaet3?,理睬：懶～。
龜,gwai1,警察(高登)
宄,gwai2,（內～）內奸。
䟸,kwai4,小腿彎曲：腳～。
掛,gwak1,（以鉤）掛物：～件衫係度先
?,gwak6,[粵]（硬～～）形容硬甚。
?,kwan1,欺騙（程度不及「棍」高）：～人
棍,!gwan3,詐騙，誆騙：畀人～晒啲錢(讓人騙走了所有的錢)。
涫,gwan2,①沸水；②[粵]（火～）惱火
瓊,gwang4,<白>形容紅：紅～～。
譎,gwat1,①[蒼石橋]（詭～）滑頭；②[蒙山]淘氣，古靈精怪：牛～仔(淘氣的孩子)
骨,gwat1,①指衣物縫接線的部位：條褲爆～；②魚刺：條魚多～。
橘,gwat1,（～子）泛指水果
骨,gwat1,①人和脊椎動物體內支持身體、保護內臟的堅硬組織：～頭；②[粵]亦指植物的莖：菜～。
䀨？,gwat4,怒盯
掘,gwat4,挖：～隻竉｜～穿竉
䘿,gwat4?,（～袖）短袖。
?,gwat6,①“屈”之古字，短尾或無尾的：～頭；②[粵]鈍：支鉛筆～嘹。
過,gwo3,①差比式介詞：我大～你；②經歷體助詞：愛～；③重行體助詞：聽日再來～；④熄滅：燈～矣。
？,gwong1,挑逗、戲弄小孩
光,gwong1,①亮：天～｜間房冇夠～；②遲：再冇起身就～咧。
？,gwong3,禿頂
?？,gwot3,（～嘴）盪口。
䁫,gwot6,[粵]黑糊状：黑～～。
極,gik6,"[粵]動詞後綴 ，表示動作進行到極致，多用於讓步否定：食～冇肥"
㥛,gik6,①焦急；②[粵]生氣：～氣。
捄？,gyu1?,鏟除：～平一座山。
舉？,gyu2,（老～）舊社會對妓女的稱呼，老龜婆
？,gyu6?,量詞，豆莢：一～豆角。
？,gyun1,"（黃～魚）魚的一種 {？}，哪一种"
涓,gyun1,[粵]緩緩傾斜容器以轉移液體：～杯酒｜～水。
蜎,gyun1,<白>[粵]鑽、窜：搵個窿～入去｜～來～去。
蜎,lyun1,<白>[粵]鑽、窜：搵個窿～入去｜～來～去。
撅？,guut3,打：～人。
瘕,haa1,[粵]①痰：人老就多～；②用於合成与「咳」相關的動詞：掹～(哮喘)｜咳～(咳嗽)。
蝦,haa1,①節肢動物，身上有殼，腹部有很多環節：～仁；②[粵]（柑、橘、柚等的）果肉粒，或因形似蝦而得名。
？,haa1?,（蘇～）嬰兒
？,haa2,（喇～）嗩吶。
下,haa5,①量詞，放在動詞加數詞之後表示動作詞數：一～子；②[粵]瞬時體標記，或“一下”。
揩,haai1,①抹：唔好～到成身邋邋遢遢；②輕碰，輕擦：我啱先畀嗰部車～親；③[粵]擦洗：～身。
,haai4,痕痒
?,haai4,[粵]澀，粗糙，不滑，俗寫嚡：條脷好～。
核？,haak6,（～nau1）男陰；（～雞）赤子陰；（～子）（～卵）睾丸；
喊,haam3,①叫：呼～；②[粵]哭；③[粵]表使役：～佢過來
酣,haam4,（～洒）不自量：覅咁～
鹹,haam4,①（～溼）好色的，下流的(英語：hamshop)：～佬；②淫色的：～嘢。
很,haan1,<白>同“<文>”，不聽從：隻細佬哥好～。
？,haan5/hon5/wan5/fan5,包括、連同、與……一起：袋蘋果～隻膠袋一起丟｜冇～張弟，一共十二人。
？,haang1,（老～）對老年人的蔑稱
行,haang4,步趨：～路。
呷,haap3,（大口）吸，喝：～醋
歇？,haet6?,疲乏。
烤,haau1,把物品放在火的周圍使乾或使熟：～魚。
敲,haau1,①打，擊：～打；②[粵]推敲，計算：～數(計數、算數)
閪,hai1,[粵]①女陰；②插在雙音節詞中或與“咁”合用，表示加強語氣：麻～煩｜咁～多事。
喺,hai2,方位助詞，同“在”。
係,hai6,表強調：～得我一個｜～你一個人去
係,hai6,判斷動詞，是。
黑,hak1,①熄滅光：～燈；②熄滅火：整～火。
陷,ham2,行進中墜入、陷入：我冇小心～入路邊個坑入面。
欣,han1,玩耍：～～玩玩(兒童嬉戲，含貶義)
恨,han6,很想得到：姣婆～嫁｜我好～有個女朋友。
摼,hang1,①撞；②[粵]敲擊：～了佢一錘；一棍～過去；③（～雞蛋）敲雞蛋
?,hang3,①腐臭味；②人身上久積的臭味。
烴,hang1,<白>焦臭：臭～～｜～巴爛臭(臭氣熏天)。
䆲,hang1?,見「䆡」。
烴？,hang3,晃動，甩動，擺動：～～下隻手｜洗完頭，～乾頭髮｜頭～～條繩～來～去，我執唔倒。│吹到連支旗扞都兩頭～。
？,hang4,飽滿，子實飽滿：～穀。
？,hang4,能孵出小雞的雞蛋
恆,hang4,[粵]結實：隻花生～哦
乞,hat1,①討要：～飯｜～錢；②（～兒）乞丐；③（～人憎）惹人厭
?,hat1,[粵]（～?）因鼻黏膜受了刺激，鼻孔急劇的吐氣出聲，即噴嚏：聽聞講打～係代表有人想你。
,hat6,動詞，被物勒住：～頸
休,hau1,完整體助詞，同“唨”。
睺,hau1,①[粵]盯，注意：～實佢；②理睬，搭理
候,hau4,心急盼望：你～去游
喉,hau4,①本义，食欲得到满足：够～；②引申，其他欲望得到满足
鱟,hau6,節肢動物，甲殼類，生活在海中，尾堅硬，形狀像寶劍。
愒,he3,①懶散：你做咩咁～噶；②玩樂：不如晚上出去～啦。
,he3,攤開、傾倒：啲書～晒响張枱點食飯
㗾,he4,[粵]擬聲詞，形容笑聲：[港]你知唔知醜？（仲喺度）～～～。
喫,hek3,食。
踢？,hek3/hoek3?,以腿腳撥開
蜆,hen2,軟體動物，介殼形狀像心臟，表面暗褐色，有輪狀紋，內面色紫，棲淡水軟泥中：～仔。
翹,heu1,部分高抬，即“翹”：～腳。
唏,hi4,（～唅）響聲大
？,hi5?,“好似”合音。
興,hing1,①舉辦：～建；②旺盛：～旺；③流行：時～｜家下～學日語。
興,hing3,①對事物感覺喜愛的情緒：～致；②[粵]興奮：場球睇得我～～。
囂,hiu1,[粵]兇惡：你做咩對你老婆咁～嘅？
呵,ho1,助詞，用在句尾，表示希望得到對方的肯定：聽日去食西餐～；再等多一陣～。
呵,ho1,[粵]安慰，安撫：佢心情冇好，你～下佢
?,hae2,（多指先天性的）智障，痴獃：～仔。
香,hoeng1,避諱語，死
响,hoeng2,[粵]方位助詞，在，同“喺”。
開,hoi1,完整體助詞，同“唨”。
開,hoi1,用：～拳捎｜～腳踢。
,hoi3/hyu3,答應聲：～，我來了
殼,hok3,①舀物用具，瓢：飯～；②動物的骨架：隻雞只剩落隻雞～；③量詞：一～水。
扻,hom2,①用石頭砸，擊打；②撞著，碰，敲：～穿頭｜～爛碗。
墈磡,hom3,（～崩）崖邊
磡,hom3,山巖地，用於地名多：紅～｜橫頭～。
唅,hom4,[粵]擬聲詞，隆隆聲，亦形容聲勢浩大：～～聲｜轠～～｜衝～～
冚,hom6,[粵]同“咸”，全，整：～唪唥｜～隻鍾頭｜～二十年｜～世。
莧,hon6,<白>一種植物：馬齒～｜[莞塘]肥肉～(馬齒莧)
莧,hen6,<白>一種植物：馬齒～
漮,hong2,①[粵]糧食類變質失去油性：～味；②[粵]泛指缺少油質，缺油水：～噙噙｜口～～大隻講；③[粵]借指錢包中沒有錢：荷包～唨。
炕,hong3,①炙烤：～火(烤火取暖)｜～熱；②（風等）使物乾燥。
?？,hong3?,擱淺，使離開水：～沙。
?？,hong3?,晾起，攤晾
瞌,hop1,打瞌睡：～眼瞓
磕,hop1,磕：～穿頭。
磕？,hop1,[粵]上下門牙咬合以破開硬殼：～瓜子。
,!hop3,因晃動將液體灑出：慢慢行，因住～出水
熆,hop6/haap6,生火：～火｜～煤爐。
喝,hot3,呵斥：佢成日～我｜呼呼～～。
,hot6/ngot6?,分界，分開：（～開）用尖銳物劃開或劃條線做標記，比如用指甲～條痕在張台做分界，一人一邊。
哭,huk1,①哭泣；②[粵]訴苦：佢見親我就喺度～。
酷,huk6,極，甚，程度深：～暑|今日好～。
焅,huk6,旱熱，熱氣：～熱。
嗅,hung3,鼻子聞
烘,hung6,[粵]①熱：天氣好～；②點著火：打～火煲湯；③火大：～過頭｜唔夠～。
？,hung6,痕跡。
漮？,hung6,（肚～）胃酸分泌過多所引起的胃部不適感。
哄？,hung6?,[粵]（打趁～）（叉趁～）湊熱鬧
睏,hwan3,[粵]睡。
䘆,hyun2,（黃～）蚯蚓：～虫
膉,ik1,[粵]形容油脂腐敗後的味道：油～味，臭油～。
亦,ik4,也：我～都中意食粉。
影,ing2,[粵]①拍攝：～相；②遮擋：你～着我了。
映,ing2,放映，播放：今晚～第幾集？
？,ing3,表示動作進行到極致，多用於讓步否定：你～搏命都冇有用。
？,jaa4,炫耀，威風：～文～武。
？,jaa5,祭拜時的跪拜禮：拜～。
？,jaai3,物品不結實，鬆散。
？,jaai4?,（～jaai2）沒有氣力
吔,jaak3,[粵]同“喫”：～飯。
？,jaan2,花開
浥,jaap4,漬潤：～溼件衫
岋？,jaap5?,搖晃不穩。
擛,jaap6,①鳥的翅膀上下扇動；②柔韌的物品用久後變鬆弛：個條橡筋～矣；③蟲子蠕動：條蟲～來～去。
蘨,jaau1,<白>[粵]形容翠绿：青～～。
？,ngaeu1,[粵]形容翠绿：青～～。
呦,jaau1,[粵]（咿咿～～）见“咿”。
？,jaau1?,（～子）一種用五粒石子來玩的兒童遊戲
？,jai3,朝着，嚮着：～上天。
詍,jai3,①多言；②[粵]議論：佢哋～緊件事。
？,jai5,蔬果摔伤
孈,jai5,①愚戆多態；②[廉]愚鈍，能力低下；③[粵]膽小；④[粵]淘氣：細細個就咁～。
勩,jai5,①勞，苦：莫知我～；②器物磨損[吳]；③[粵]差劣，又作“?”：～嘢|成績～|人品～。
陰？,jam1,劉海：毛～
？,jam2,（～罾）拉起罾
飲？,jam2?,①斜釘牌戲術語，莊家出牌並叫牌，下家無牌可出還要墊牌；②（車考）不通過而無法出牌；③（車考中）令其不通過，爲難：啲老師鍾意～人
䌪？,jam3/ham3/kam3,①續已斷之物：條索斷咧，你～好渠啦；②拼合，嵌合：～凳腳｜～拼圖。
淫,jam4,久、持久：坐車～｜～～讀書寫字
忻,jan1,[粵]（～住）（提醒人）當心：講埋啲反動嘢，～畀差佬拉去打靶
凐,jan1,①寒冷貌：近排特別～；②[粵]冷的：啲水冇識幾～。
？,jan1?,用筆來記錄：～落。
勻,jan4,①形容平均：～巡；②[粵]動詞後綴，表示動作遍歷某個範圍的所有部分：行～睇～。
引,jan5,[粵]導火線
凪,jap1,（風）停止，本或作“翕”：風～喇。
闟,jap1,[粵]不作聲：?～～。
熠,jap1,①閃爍：盏灯一～一～；②眨：～眼(壯語：?，yaep)。
翕,jap1,①合，聚，和順：～動；②[粵]招，揮：～手。
噎？,jat1,以粗口罵人。
一,jat1,①表選擇：～你就來～你就冇來；②表假設：～係｜～冇｜～咪；③重疊形容詞、副詞的強調：紅～紅。
膉？,jat1,水果久置而變質：隻橙～啊啦，冇食得。
逸,jat6,可愛：隻狗仔好～
逸？,jat6,①心情愉悅，高興，快樂：今日玩得好～啊；②作動詞，拿人開心：咪喺度～我啦。
憂,jau1,擔心，擔憂：我～你冷著
?,jau2,[粵]（?～）屁股，臀部
幼,jau3,①[粵]纖細：支筆寫字好～；②[粵]細膩：～滑。
有,jau5,"①存在：～隻貓撲到在床上；②表示所屬：我～一本書；③發生，產生：～所得罪；④[粵]動詞詞綴，已行體標記，過去某動作的發生和 延續，但未必會繼續下去或完結：我做～作業｜我～做作業｜我～做到作業｜我學～羽毛球。"
？,je1,（著裝、打扮）時尚，超前：渠好～啊。
翳,je1,<白>同“<文>”，遮蔽：你～到我眼嘹。
？,je3/5,①玩弄：種尐蘭花～弄；②淫穢：佢好～，睇人沖涼。
爺,je4,父親：兩仔～｜有～生冇乸教。
夜,je6,①夜深：太～了，我冇出囉；②泛指迟：九點鐘起身太～了。
翕？,jek1/lek1,①單腳跳；②泛指跳貌：跳～～
？,jeng2/jam2,（笑～～）笑容可掬貌。
贏,jeng4,①有餘利，獲利：～利；②賭博或比賽獲勝：賭輸～；③及時：冇趕得～食晚；④[粵]勝過，優於：乜嘢都冇做得～人。
膉,jet6,[粵]（油～～）（融～～）形容很油腻、稀爛的样子。
？,ji1,（～撈七）表示能避免則最好避免做某事：你明知佢唔高興嘅啦，～你唔好喺佢面前提起啦。
醫,ji1,治療：難～得好。
咦,ji2,①詞氣詞，表示發現新事物：～，有嘢食喎；②詞氣詞，表示疑惑：～，我支笔冇見ge2？
益,jik1,給予好處，使受益：～到佢｜～街坊
㤿,jim1,①（～憸）多意氣貌；②[粵]（～尖）挑剔。
膁,jim2,肋下腰兩側虛軟處：小～
䌪,jim2,①續；②[粵]導火線。
檐,jim4,（～蛇）壁虎，亦稱“偷鹽蛇”。
鹽,jim4,（～荽）芫荽。
阽,jim4/him4,危險：扇墻真～，睇起身要崩咧｜生箇次病真～，差啲冇有咧。
鹽,jim6,以鹽醃物
？,jin1,①食物因火候不足煮出來的狀況或味道；②[立]飯餿味：～飯。
煙,jin1,①煙多：成間屋咁～，你燒嘢係冇？；②因煙熏而流淚或睜不開眼睛：～到我流眼淚。
現,jin6,顯露、炫耀
？,jing1/hing1,（ming2～）少量，一點點
應？,jing3,"程度深，盡：冇使搏得咁～ ｜ 你哋可否冇照得我咁～呢。"
醃,jip3,①<白>同“<文>”，用鹽浸漬食物：～鹹魚；②（汗、尿等）漚：流咁多汗，衫都～鹹矣；③（鹽分）使感到刺痛：汗～到眼。
枼,jip6,量詞，用於單薄的衣物：你腎㗎？天冷天穿兩～衫｜薄～～。
邀,jiu1,①約請：佢竟然～我來佢屋；②[粵]（～手）招手
?,joe5,語氣詞，表排斥：～，你個鹹溼佬。
約,joek3,①行政地段，轄區：四環九～；②鄉聯：沙田九～。
,joek3,瘸，比跛輕
蒦？,joek3/jaak3,量，測量：～～睇條索幾長。
秧,joeng1,①植物的幼苗：～苗；②[粵]泛指幼體：魚～。
樣,joeng6,（外貌）醜陋：渠生得好～。
殃,jong1,<白>不結實，鬆散。
湧,jong2,①<白>[粵]①晃動液體：～下杯水；②涮洗：攞水～下隻杯。
？,jop3/jaap3,（飛～）蝙蝠。
,jou3?,大聲吵鬧：嘈～休，哭～休
,juk1,"{？} 形容有一股水腐敗的味道：啊啲青菜有啲臭水～"
融,jung4,軟而散亂：豆腐捱你整到～嗮｜啲銀紙著洗～嘹。｜?～再吞落。
抑,jik1,（～或）或者：礼拜一～礼拜二去。
？,jyu2,差勁，水平差：你好～啊。
？,jyu2,丟臉：今日發生件事好鬼～啊
瘀,jyu2,①酸痛或脹痛；②瘀青
預,jyu6,預先考慮，預留：今晚食飯冇使～我
㾓,jyun1,（因勞累或軀體受碰等）酸痛或脹痛。
蜎？,jyun4,爬行
芫,jyun4,（～荽）可用來調味，果實球形，亦有香氣，用做香料，亦可入藥，俗稱“香菜”。
抲,kaa1,扼，掐：～頸。
？,kaa2,兩腳叉開，搭在兩邊
？,kaa3,（粥～）粥乾冷後於碗邊所成條狀膜
？,kaa4,（～laat6）螃蟹
䠍,kaa5,兩腳跨過去
？,kaai1,低能(高登，或自官話“凱”)
？,kaai1?,拿，攜帶
?,kaai5,拿，取：～把刀仔來。
圿？,kaai4/git1,名詞，體表的污垢：老～
臤,kaan1,（～定）偏偏：做咩你～要行到馬路上？
？,kaan2,手中一副麻將牌：一～牌。
擖？,kaat3,（表面）擦刮劃碰：開車冇小心～著車頭角；～炮
靠,kaau3,推：～開門。
交,kaeu1,<白>（～叉）
膠,kaeu1,<白>[粵]（糖～）（包裝好的）糖塊，糖果。
鑙,kai1,①堅固；②[粵]厲害：佢打球好～
契,kai3,①[粵]認乾親：～佢做老弟｜脫～；②[粵]乾親：～媽｜～爺。
,kak1,（因受阻而）卡頓
,kak1,卡顿，不流畅：录像有啲～；网络好～。
硞,kak1,[粵]不平，不順暢：額～｜礐～
？,kak1?,（屌～）罵
尜？,kak4,（～lak4）陀螺
,kak6,（被石塊、凸起、繩線等）阻絆，磕絆
闃,kak6,<白>[粵]缄默：?～～。
禁,kam1,<白>①禁得住，耐：～打｜～生(生命力強)；②[粵]耐用：部手機～噢。
扻,kam2,掌掴：～佢两巴掌。
坅？,kom4?,坑。
？,kam4,撲：～住渠
擒,kam4,攀爬：～牆｜～樹。
蠄,kam4,[粵]（～蟧）（～蜍）蟾蜍
？,kam4?,（滿～）很滿。
？,kam4?,高：嗰間屋高～休。
妗,kam5,舅母
,kan3,脫（衣、鞋）：～鞋
?,kan4,人稱代詞，同“渠”，或合音自“渠人”。
勤,kan4,勤奮，努力：佢～讀書｜～力。
胗？,kan5,家禽的消化器：雞～。
近,kan5,①關係親密：我同佢好～；②接近，親近：千祈冇～壞人；③靠近：我屋企～廣場。
劥,kang3,①[粵]厲害：隻嘢好～；②脾氣倔
?,kang3,[粵]①（被棱角、突起等）阻絆：捱樓梯級～到；②（～岌）路不平。
䆟,kop1?,①[粵]壓蓋：～印；②[粵]披蓋、覆蓋，㔶：～被；③[粵]掛斷：～電話。
岌,kap1,（?～）路不平。
?,kap6,（動物）大口咬：捱狗～一口。
,kat1,（網絡等）停頓，停滯：～～下
咳,kat1,呼吸器官受刺激而引起一種反射作用：～水(止咳糖漿)。
？,kat6?,①繩結；②竹節。
勾？,kau1,摻混：～埋一齊。
摳,kau1,擡起，抱起，“chau1”又作“搊”：～檯～凳
媾,kau1,（男女）追求：～女|～妹。
摳,kau1,用手指或細物挖、扳：～鐖(以手扳機)
？,kau4,百萬文：一～。
?,kau4,[粵]（屋～）家里：你在～冇？
球？,kau4?,（石～）石塊。
枝？,ke1,①樹枝，或爲“枝”的白讀；②量詞，衹能用於樹枝的量詞：一～樹枝。
奇,ke4,<白>特殊而罕見：～离(奇怪而不正常)。
?,ke4,[粵]擬聲詞，形容咳嗽聲或笑聲：咳～～｜笑～～。
？,kek1,量詞，相當於條、根、段：一～柱｜一～?。
？,kek1,小桶(英語：keg)：膠～
?,kek3,[粵]（用條形物體）翻動，挑動：～一～䊆火磚喴｜攞條棍～下｜～牙齒。
乪,kek6,田邊河轉角處，用於地名多：圍～街。
屐,kek6,木頭鞋，泛指鞋：木～
嗛,kem1,①古同“銜”，用嘴含；②[粵]禽鳥啄食
欦,kem1,用力咳貌：ki4ki1～～｜～～咳｜～～聲
?,kem5,[粵]舐，舔：～淨。
檻,kaem5,<白>門檻
?？,keng2?,驅逐，趕走：～佢走。
殑,keng4,（㱥～）極瘦
？,kep3,（瘦～～）猶言瘦甚。
㰰,kep3,（～屎）心胸狹窄。
？,ket1,物體側傾：～轉。
？,ket1,老翁：公～
吃,ket1,（笑～～）笑嘻嘻
竭,ket4,<白>[粵]（巴～～）（膠膠～～）膠連貌。
?,keu1,（尥～）行路不順。
？,keu2/kiu2,倒掉：～隔夜菜。
？,keu3,①翻：啊啲米攞筷子～一～；②找：～過澌都搵冇見
?,keu3,[粵]（人、牲）小解：～尿
躈,keu3/kiu2,屁股：露～。
翘,keu4,[粵]死亡：隻壞人終於～嘹。
?,keu5,（镽～）長貌
藠,keu5,<白>（～頭）
繑,keu5,<白>[粵]（繚～）雜亂無章
？,ki2,在，於。
蜞,ki4,（蟥～）（～乸）螞蟥，水蛭。
欬,ki4,（～～欦欦）用力咳貌，見“欦kem4”
攲,ki5,（坡）陡：咁～嘅坡難踩單車上。
企,ki5,立，站立，本或作“徛”“䟗”：～立
？,kik1,物體被卡住，不能通過
,kik1,①卡住：拖桶～到矣；②阻礙，阻撓：佢特丁在個件事上～我；③電腦或者網絡卡頓、不順暢
謙,kim1,<白>[粵]（～之）暫停。
魽？,kim5,（～魚）斑鱯。
攑,kin1,"掀：～開個蓋佢 (把蓋子掀開)。"
傾,king1,"[粵]聊，交談，本或作 “謦”"
,king4,懸置使水流乾：撈起嚟搭響度～乾啲水先至收埋。
？,king4,（螞gong4～）螳螂
滰,king4,[粵]使澄清：呢啲水要～下先用得。
凝,king4,凝结：啲油～晒｜～油(油凝固貌)。
擎,king4,向上托，舉：～受。
檠,king4,[粵]棱，邊：對到條～來畫。
？,king5/ging6,酸味
揭,kit3,①打開蓋子，掀開蓋子；②翻開：～書。
？,kiu1,把東西從高處取下
㞗,kiu1,強化語氣，或爲“㞗”之弱化：你做乜～啊。
？,kiu1?,挑
巧,kiu2,"<白>同“<文>”，一作“蹺”。 ①巧合：有咁啱得咁～；②奧妙：～妙。"
竅,kiu2,方法，策略：諗條～。
炣,ko1,[粵]將菜燴熟：～蝦｜～燒。
？,ko1/koi1?,無理取鬧
䶗,ko3,①啃咬；②[粵]上下門牙咬合以破開硬殼：～瓜米。
蔃,koeng2,①草藥名：谷木～；②泛指草木的根；③[莞]久埋變輕的不朽木頭。
藿,kok3,食物變質味：臭～
擱,kok3,放置。
涸,kok3,①水乾：乾～；②使變乾：～乾水；③[粵]性飢渴：今晚好～。
㔶,kom2,覆蓋：～被。
？,kong1,向前擁聚：成羣人～過來
炕,kong3,（～牀）長條形木質座椅：[粵]～枕。
閌,kong3,①（～閬）高門；②[粵]架高，同“閬”：～高張枱
?,kong4,[粵]（蚂螂～）螳螂
箍,ku1,①用竹篾或金屬條束緊，用帶子之類勒住：～桶；②緊緊套在外面的一種圈：鐵～｜橡筋～｜膠～｜頭～；③[粵]勒住：～頸黨(用臂膀緊緊勒住路人的咽喉以實施搶劫的歹徒)；④[粵]量詞，節；⑤[粵]使物從胯下過，流傳這樣做會使此物變衰；⑥[高]抱、攬：～頭攬頸(抱在一起，喻動作親密)；⑦[港]（～煲）用鐵線將損壞的砂煲束緊，引申爲嘗試挽救一段即將破裂的愛情。
跍,ku1,蹲下
曲,kuk1,①[粵]使彎曲：～腿｜～腰；②[粵]死：卡斯特羅～嘹；③彎曲的：條棍～～個。
?,kun4,圓。
㾤,kung3,咳嗽：～血｜～瘕。
?,kung3,量詞，串，撮：一～芭蕉。
？,kwaa4,①一種用來收攏穀物的農具；②用工具收攏：～成一堆。
？,kwaa5,刮
擓,kwaai1,[粵]揮，擲：～丟。
拐,kwaai4,①（左手～）（右手～）左撇，右撇；②（高腳～）高蹺
拐？,kwaai4?,"（laai4 laai4 ～～）因過長而行動不便"
拐,kwaai5,<白>跛行：歪歪～～。
廓,kwaak3,①邊框，方框：四方～；②繩套，圈套：打一個～；③框住，圍住；④用繩子稀疏地圍住。
懬,kwaang3,①高大：高～～；②[粵]寬大：鬆～～
規,kwai1,用來圍住鴨群的柵欄：鴨～
緙,kwak1,①用繩纏繞以箍緊；②量詞，形容盤成卷的物体：一～蚊煙香。
?,kwak1,（劃石、劃柴）取火：～火柴（壯語：gvaek）
捃,kwan4,摘取：[粵]～禾
菌,kwan5,蘑菇，蕈。
轟？,kwang1,罵
哐,kwang1,[粵]（亮～～）形容物體光亮而有光澤：額頭～。
纊？,kwang3,（以鉤）掛物：～件衫喺度先。
纊,kwang3,<白>[粵]（被細物）擋住，絆：～到｜～跌。
？,kwe3,用棍子翻動：冇得使筷子～盤菜。
鬩,kwik1,對打、搏鬥：冇忿啊，～過囉
？,kyng3,（仄～）歪：你隻帽戴仄～嘹。
拘,kyu1,拘於禮節，計較，客氣：噉就唔～嘞｜～執。
蟝,kyu4,[粵]（蠄～）蟾蜍，本字或作“蜍”。
佢,kyu5,[粵]第三人稱單數代詞：我好中意～
捲？,kyun2?,使成卷：～起啲試卷。
橛,kyut3,[粵]量詞，截，用於形容條形物體，段：一～木。
拉？,laa1?,（～風）食品受潮
揦,laa2,皮膚、粘膜、傷口等受強烈刺激或侵蝕而感到疼痛或者體內的絞痛:我心～住～住。
揦,laa2,遭遇：～嘢（遇上麻煩）。
揦,laa2,①[粵]挽起，拉起：～衫袖；②[粵]攬，收回，使聚攏：～成一堆。
,laa3,喫到油炸辛辣食物喉嚨上火想嚥口水的感覺（～口），也指油渣（油～）
？,laa4,（大～～）數額大：～幾千文。
？,laa4,（～～聲）（～～臨）叫別人快點，麻利地：～清数。
藞,laa5,（～䕢）髒亂。
孻,laai1,[粵]最末：～尾｜～屘
,laai2,手腳有毛病，不靈活
？,laai3,把枯黃的葉子拉下
癩,laai3,麻風病，或癬疥等皮膚病：～渣
㓯？,laai3?,[粵]解開：～開包装。
？,laai4,長貌：長～｜～～kaai4kaai4
酹,laai5,傾倒液體：～啲油落鑊。
攋,laai6,（因忘記而）遺落。
賴,laai6,①[粵]怪罪：～我囉？；②[欽]憑靠：～～挨挨。
瀨,laai6,[粵]失禁：～屎
,laak1,擬聲詞：柴燒到～～聲。
㔏？,laak3,裂開
攬,laam2,摟抱：～抱。
檻,laam6?,<白>
躝,laan1,①蟲子爬行；②引申爲叫人滾蛋；③植物纏繞或蔓延生長。
爛,laan6,①破舊，雜亂：～嘢；②[粵]慣常、沉迷做某事（多貶義）：～耍。
糷,laan6,飯爛相粘著，一般寫爛。
？,laang1,催促：你去～～佢。
唥,laang1,[粵]羊毛，毛織品(葡語：lã，法語：laine)：～線｜～衫。
？,laang3,（儱～）做事不認真。
唥,laang6,（冚唪～）见“冚”。
蠟,laap3,油光發亮：～靚
䁽,laap3,[粵]快速地看，粗略地看：～一眼。
？,laap4,擬態，指電或光猛地閃一下。
鱲,laap6,"[粵]（～魚）鯛科棘鯛屬魚類的統稱，體扁平橢圓，背鰭、臀鰭皆有棘，叉形尾。 常見種有黃鱲（黃鰭鯛）、黑鱲（黑鯛）等。"
,laat3,爬：粒細佬仔喺台底凳底週buk1～。
瘌,laat3,①[粵]指破皮，被勒或者曬到皮膚焦，皮膚會又辣又痛：曬久皮膚會～痛；②[粵]擦破（皮膚）：～皮。
？,laat6,量詞，畦：一～地
迾？,laat6,（籬～）籬笆
,laat6,（gaa4～）螃蟹
邋,laat6,（邋～）不淨，髒
辣,laat6,①一種刺激性味道：～薑；②[粵]激烈：場比賽打得夠～。
僗,laau1,<白>[粵]指北方的：講～｜～佬。
撈,laau1,捕魚用的抄網
摎,laau2,[粵]（～攪）做事不認真。
?,laau4,（～?）本義物未精，現用於表示做事馬虎敷衍：佢做嘢好～㗎
,laau4,割
罅,lae3,縫隙，裂痕：泥牆上高有條～。
鑠？,laek1?,金屬表面的塗層(英語：lacquer)。
？,laeng1,男女朋友：你條～呢？
鑗,lai1,[粵]沿著表面鏟或刮：養狗就要做好幫佢～狗屎嘅心理準備。
頪,lai1/loi1,難以理解，難懂：欽州白話真～。
㓯,lai3,劃，割：條魚要～幾刀先至蒸。
？,lai3?,動詞，啃：～骨
嚟,lai4,[粵]同“來”。
?,lak1,[粵]①翻找，探：隻嘢冇識在垃圾堆啲～乜；②攪動：煙囪塞嘹，去揾條棍來～下喴。
礐,lak1,①[蒼][潯尋]不光滑，紮手：桌子有坑，摸上去～手；②不穩，不流利：～硞
？,lak4,（～slak1）不衛生：屙完屎冇洗手就食飯，咁鬼～slak1啲人都有嘅。
簕,lak4,①[粵]刺，荊棘：～菶厏；②魚刺。
簕,laak4,（～竹）一種竹
勒,lak4,用力捆緊
肋,lak6,上身的兩側：雞～。
？,lam1,逗癢，癢，?。
菻,lam1,蓓蕾，花蕾：花～
醂,lam1,形容甜蜜、陶醉：好～。
冧,lam1,（～把）號碼(英語：number)。
？,lam1,覆盖，向下蓋住：攞塊布～實你隻頭
淋,lam1,（稀～～）形容液體稀、濃度很低。
？,lam1,用竹篾編成的小簍
啉,lam1,就著瓶口喝
？,lam2,活結
淋,lam4,澆：～花｜～水｜～涼
罧,lam6,①堆疊、堆砌：～堆│將啲磚～起佢；②量詞，疊成的垛、堆：一～磚│一～水泥
綸,lan1,①[石橋]形容詞，繩子搓得好；②[戎墟]繩子、編織物織得比较緊密；③[蒙]緊湊
掄,lan1,①擇：凡邦工入山林，～材不禁；②[粵]尋找
?,lan1,[粵]淋巴結：～子｜～核。
?,lan1,①告誡，警告：當面～佢；②告訴
"見 ?",lan1,告訴
？,lan1?,又乾水又硬身：～飯
？,lan2,"（水溝～）鳥的一種，像小鸭一样的 {？}，哪一种"
灓,lan2,<白>[粵]沾染：手～到屎｜你係冇系～到咩病喇？
?,lan2,①男性外生殖器；②插在雙音節詞中或與“咁”合用，表示加強語氣：麻～煩｜咁～多事；③[港]不被社會接受的人：獨～。
蹸,lan4,①車輪輾過；②同“躪”，踐踏；③（頻～）匆匆忙忙的樣子：頻頻～～；④鞋蹭地：～爛對鞋。
灓,lan5,<白>[粵]容器將溢貌：個垃圾桶～唨。
？,lan5,滿是，盡是：檯上擺～雜物。
圇,lan5?,<白>①整個吞下：～口飯落去；②[粵]受噎：著嘢～到
？,lang1,拉，扯:faan2乜鬼，書都挨你～爛澌。
踜,lang1,①（～蹬）行貌，亦指馬病；②蹶：跳～～。
？,lang2,長得矮小、瘦小
綾,lang4,[粵]（～繒）（[北]～njang3）不修邊幅或不整潔的樣子。
？,lang5,罵。
？,lang6,理睬。
?,lang6,[粵]皮膚上的腫痕：起～。
笠,lap1,<白>①[粵]穿上，套上：天時冷，～多件衫；②[粵]籠：豬～；③[粵]（執～）倒閉。
?,lat1,（將樹枝等）砍去
,lat1,脆：塑料曬久會～
律,lat1,<白>同“<文>”，（不～）筆，用於形容詞：直～(筆直)。
？,lau1,削砍枝條（壯語：laeu）。
騮,lau1,[粵]（馬～）小型靈長類動物，長尾，多善攀樹，猴。
摟,lau1,①探取：～衫袋；②找尋：～厘～?(東翻西找)｜冇～得到我眼鏡嘹。
摟,lau1,[粵]蚊蟲圍繞：垃圾筐好多蚊蠅～住｜螞蟻～死象。
?,lau1,[粵]蛀蝕：～空(蝕空內部)｜橛木著白蟻～嘹｜牙齒捱～嘹。
褸,lau1,[粵]外套：天冷記得披條～。
遱,lau1,①（不～）（一～）向來；②[鬱]（～man1）長時。
摟？,lau3,邀約、招徠：～佢出來食嘢
溜,lau3,往下滑
流,lau4,"①劣質的，不正宗的：～嘢；②（～fe4 fe4）差勁。"
留？,lau4*2?,<白>讓事物保持某種狀態，隨：冇整啦，就～佢噉呅啦
？,lau6,（～bau6）指穿著臃腫，不得體：你著嗰件衫好～。
漏,lau6,遺落：～把遮在車上矣。
？,le1,①攪動固體或液體使之分布均匀、蓬鬆，撥弄：啱煲得嘅飯要～匀先；②搗亂。
？,le1,①動物的趾蹄：豬腳～；②涉：～水
？,le2,（～he3）形容狼狽不堪。
?,le3?,斜視：斜～眼。
離,le4,<白>[粵]（奇～）见“奇ke4”。
囄,le5,（～啡）不修邊幅
叻,lek1,[粵]厲害，能幹，有本事：佢讀書好～。
瀝,lek6,河流的分支，用於地名多：大～。
爁,laem1,<白>[粵]①火焰燎著：捱火尾～到｜～黑；②用火燒去動物的毛：～豬毛。
斂,lem2,<白>收、卷好（袖口等）：～衫袖。
廉,lem4/lim4,邊緣。
？,len1,①眼、皮膚等有癢疼感：眼～；②用物體輕輕劃過皮膚表面使發癢。
？,len3,用刀破開：熱狗要～幾刀再烤。
轥,len3,①打滾：～地；②躺：～落地｜～牀(賴牀)。
,len5,揉搓（麪糰等）
靚,leng3,[粵]漂亮，本或作“令”
㱥,leng4,（～殑）極瘦貌：瘦～。
噒,leon1,從食物的硬處中啃下可食部份：～核｜～骨頭。
輪,leon4,量詞，次，回：那間店我去過好多～。
遴,leon6,（～迍）①笨拙，手腳不方便；②有麻煩：落大雨添，今次～喇，屋企唔記得閂窗添。
論,leon6,整，常：～日｜～晚｜～隻月。
論,leon6,按，以（計算）：～斤秤
吝？,leon6/long6?,（～食）小孩不捨得將食物與他人同享。
？,leot1,通過口、脣、齒的配合將食物中可食用和不可食用的部分分開：～瓜子｜～雞腳｜～魚骨。
擸,lep3,“laap3”之又音
？,lep3/lip3,①貪喫：～狗；②飢餓：飢～～。
？,leu1,竹籃。
橑,leu1,<白>[粵]量詞，（瓜果等）一瓣。
撩,leu1,<白>①同“<文>”，挑逗；②用細物撥或伸手去夠物體；③掀起，撥開：～頭髮。
寥,leu1,<白>同“<文>”，空虛：空～～｜空手喇～。
尥,leu1,[粵]（尥～）①走路時足脛相交；②行路不平衡，跛行。
鷯,leu1,"（～哥）雀形目鳥類一屬，主要分佈於南亞和東南亞以及我國廣西南部、雲南南部、海南。 體黑並具顯著光澤，頭部具黃色裸露肉垂，雌雄相似，善鳴，能仿人言。"
撩,leu2,將衣袖，衣襬，褲腳等捲高或掀起：～高件衫
,!lai6,捲高或掀起衣物口
瞜,leu3,瞟一眼，瞧一眼：～一眼，～眼
？,leu3?,打。
镽,leu5,①（～?）長貌；②細長：～細
繚,leu5,（～繑）雜亂無章貌
篱,li1,①網底或帶疏眼的碗狀容具，可用於漉去水分：疏～；②亦指網底或疏眼撈具：撈～；③網罩，常用於隔拒蚊蠅：菜～；④[鬱]加裝篱：～豆角
剺,li1,[粵]撕，剝：～番薯菜。
篱,li1,帶多孔網籃的器具：疏～。
？,li2,指：～住來鬧
？,li2,（～毛）拔毛
？,li3,（～lam1）撓癢癢
？,li4,（～～臨臨）匆匆忙忙離開：～噉走。
？,li4,"（～～laa4 laa4）動作迅速貌：咁多人，～就做完咯。"
?,li5,[粵]帆，避“帆”“煩”之諱：使～。
？,li6,跳皮筋時皮筋放置的高度次序。
利,li6,①鋒利；②視力好：眼～；③比喻說話尖銳：睇佢把口咁～。
脷,li6,[粵]舌頭，避“舌”“折”之諱：～前
？,lik1,跛：腳～
壢,lik1,片，塊：一～地|一～菜
瀝？,lik1,撈：～起
臁,lim4,（～貼）（豬的）脾臟：豬～
轔,lin2?,①車輪：車～；②用輪子碾：～船。
聯,lin4,縫紉：～針
？,lin5,像竹筍那樣的澀味
軨,ling1,[粵]車輪，外語音譯詞：車～。
？,ling2,物品晾乾
領？,ling2,量詞，一件：一～衫
？,ling3,表面光亮：對鞋亮～休｜laap3laap3～
？,ling3,量詞，相當於層、張、片：一～膠紙，一～豬肉。
零,ling4,置於數詞後面，表示尚有零数：八點～鐘。｜萬～文。
？,ling6,撕開
,lep3,穀殼，稻皮：穀～
綟？,lit3,（繩索、竹蔗等的）結
寮,liu1,①<白>同“<文>”，小屋：茅～。
撩？,liu2,（肚～）嚴重的肚飢不適感。
敹？,liu3,動詞，用針縫起來，縫合。
㦬？,lo1,（～～攣）忐忑不安。
㩡,lo1,[粵]用網兜水中劃動，以捕撈魚蝦等：摥～(拖網捕魚)。
?,lo1,①[粵]臀部：有波有～｜～?；②[粵]用於形容圓形物體：圓～～。
囖,lo3,①助詞，表示出現新情況：落雨～；②[粵]語氣詞，表示肯定。
㿚,lo3,喉嚨不舒服，聲音沙啞：喉嚨～。
?,loe1,緩緩吐出：～骨
？,loe2,含糊不清的語話隨便應付：我篇文章都係～過去嘅。
？,loeng1?,①傻，笨，蠢：佢有啲～｜～餅(傻瓜)；②老土
涼,loeng4,[粵]用...乘涼：～風｜～空調
倞,loeng6?,“邏樣”合音，怎樣。
來,loi4,用於框式“仲……來啊”
絡,lok3,絆：條索～著我｜我著佢蔸腿～著。
絡？,lok3,（尼龍製）網兜。
？,lok3?,（老～）身垢，老泥
落,lok6,①下；②由北向南移動：由南寧～北海；③進入：～屋；④[粵]加，放：～多啲鹽；⑤[粵]墮胎：～仔。
攬,lom2,將散的東西由雙臂聚集成一堆：～成堆
,lom4,物體大堆大堆掉落的聲音：啲飯菜～～聲喫出
,lom4,（～～聲）動作迅速貌：聽聞啊邊有金執，佢～趯過去
?,lom4,擬聲詞，見“?”
狼？,long1,（～萁）一種蕨類，可作柴草
？,long1,享用，享受，見識（多用於諷刺）：我冇識～你箇啲威嘢。
？,long1,（～～）鈴鐺
,long2,大聲叫喊
,long3,高的地
閬,long3,<白>[粵]架空、墊高：～高對脚，等我好掃。
勆,long4,①有力；②[粵]兇狠
螂,long4,（螞～）（螞～?）螳螂
晾,long6,將物品放在陽光下或通風透氣的地方使其乾燥：～衫
？,looi1,瘀青或深色的疤痕：啱先手臂挨扻著，家下一大笪～痕。
累？,looi1,將物品聚集堆放：～埋｜～～埋
轠,looi1,撞擊、碰擊：捱車～到｜～唅唅(橫衝直撞貌)
戾,looi1,<白>同“<文>”，勁急、猛烈的樣子：走～～
悷,looi1,<白>同“<文>”，悲傷的樣子：哭～～。
？,looi1?,[粵]慣用手：裨～（左撇子、左利手）
累,looi6,害，連累：佢～得我好慘；我冇想～你。
?,looi6,（～膇）①外表臃腫、不整齊：佢穿個件衫顯得好～；②粗魯，莽撞：佢好～個。
撈,lou1,①[粵]攪拌：～勻；②[粵]和，同：我～佢行街；③[粵]尋利，獲益。
佬,lou2,[粵]①成年男子：肥～｜跛～；②（職業、籍貫等）人的泛稱：豬肉～｜泥水～。
佬,lou6,[粵]（細～仔）（細～哥）（細～）小孩。
嚕,lu1,[粵]同“呶”，表远指。
路,lu6,痕跡，刻線：劃一條～作記號
路,lu6,量詞，用於成列狀、條狀的：檯面上有一～印｜十個人排成一～。
鐳,lui1,銅錢
擂,lui1,<白>擊打，直擊，本作“攂”：～佢一搥。
?,lui1,①滑落，滾落：石球從山上～落來；～滑梯；②使滾動：～只球過來；③跌倒：～跌。
累？,lui2,疲勞
坴,luk1,[粵]量詞，用於較粗的條形物體：嗰條春筍大～哦｜斷～。
睩,luk1,①眼珠轉動：眼～～；②睜：～大隻眼。
,luk1?,腐爛、朽壞
竉,lung1,孔穴。
？,lung2,（盲目地）往衫袋裡摸尋：～出20文。
？,lung2?,飢餓：肚～。
？,lung3,量詞，一間：一～房
？,lung3,①預留：～份渠；②積蓄身體毛髮：～鬍鬚
？,lung3,雨過天晴
窿,lung3,<白>同“<文>”，駝背：腰～。
？,lung4,語氣詞，句末表顯然：問我要做乜野，沖涼睡覺～。
櫳,lung4,門柵：摥～(推拉式木門)
拢？,lung4,裝在兜、包裡：～好啲錢。
?,lung4,鼓聲。
？,lung4?,（蛋）變質：隻蛋～喇。
籠,lung5,衣物收納箱（通常爲木製，較大）：鐵～，皮～。
籠？,lung5,一套（詭計、陰謀）等：睇穿你～嘢
儱,lung6,（～偅）①行路不靈活；②[粵]冒失，不穩重：佢做嘢成日～所以著老闆炒魷魚嘹。
弄,lung6,玩耍，把玩：[粵]～手機
？,!njing2,一陣子，片刻：等～｜諗～。
？,lyk6,一陣子，片刻：等～｜諗～。
黸,lyu1,（黑～～）黑貌。
攣,lyun1,<白>[粵]（毛髮等）卷貌：～毛。
,lyun2,驅趕，追趕
？,lyun2,動詞，捲、捲曲、彎曲。
？,lyun2,打滾：在地上～｜～跤
？,lyun5,（大～）蚰蜒
？,lyun6,（laai6～）無殼的蝸牛
浖,lyut6,渠：水～。
唔,m4,[粵]不，本字或作毋：～係我做噶！
？,maa1,量詞，形容骨架：一～骨
？,maa1,（大～声）大声，声音大
？,maa1,（～賴laai3）耍賴
？,maa1,（鼻樑）塌陷：～鼻。
麻,maa1,<白>潦草，草率：～胡(潦草、草率)。
?,maa1,①抹：你手冇要～上去；②[粵]抹除，勾銷：～丟｜～數(償清、勾銷)。
?,maa1,①抓取：～一摣米起身；②[粵]（手掌）觸，摸：你手～到乜嘢，搞得咁邋遢；③[粵]（手掌）沾染：～得一手沙。
?,maa1,①[粵]昏暗：黑～；②[粵]泛指黑。
媽？,maa1?,指粗言相對：～佢│畀人背後～。
?,maa1/mak1,攀爬，跨：～竹梯｜～上屋頂｜～山｜佢係你屋頂～過我屋頂。
,maa3,高頭抬起頭。
麻,maa4,（～～）不怎麼樣，勉強。
嬤,maa4,（阿～）父親的母親，又作阿嫲
馬,maa5,與色情行業有關的：～房.
馬,maa5,爲了得到好處而纏上某人：佢一上工就～住老闆。
碼,maa5,固定：沙丘畀草地～住咗。
嗎,maa5,①無：～嘢睇；②勿：你～罵人。③表否定，不：我今日～來。
螞,maa5,①（～螂?）螳螂；②（～蟻）。
馬,maa5,（～仔）①充當別人的跑腿、打手的人（黑社會中）；②泛指手下人。
擘,maak3,[粵]張開，敞開：～大口｜～大眼。
挽,maan1,<白>①[粵]以手抓攀：～定；②[粵]拉引：～條樹枝落來；③[粵]扣（扳機）：～雞；④挽救、回頭：冇得～。
蠻,maan4,①頑皮，不聽話：～皮｜番～(蠻橫)；②尚，勉強：亞～
慢,maan6,用桿秤稱物時秤尾低，斤兩略少：斤三兩～啲。
盲,maang4,①目不明：你係咪～㗎；②[粵]笨
猛,maang5,①強烈：熱頭～；②拼命地：～噉走｜～噉食；③強壯：佢好～；④（酒）烈。
砞,maat3,[粵]①缺損的：～牙｜～角；②[鬱]體表層的小傷：手～｜～嘴。
？,maau1,酒醉至不省人事：尋晚飲紅酒～唨。
？,maau3,臉髒
咪,mai1,[粵]麥克風(英語：microphone)：～頭。
？,mai3,指男性生殖器：～兒｜～goe1。
咪,mai6,「唔係」合音：噉～得咯。
？,mak1,用、被針剌物扎：～針(打針)
嘜,mak1,[粵]竹筒，罐頭盒，盛米下鍋的容器和量具：一～米
衇,mak1,<白>特指玄孫，孫之孫。
䘃,mak1,[粵]（～蝞）同“?蝞”，蜻蜓
嘜,mak1,[粵]①商標，進出口貨物包裝上的標記(英語：mark)：～頭；②動詞，表示標記(英語：mark)：～低；③動詞，打分(英語：mark)。
癦,mak6,黑痣，本或作“墨”：～痣。
？,man1,（毛～）雞皮疙瘩。
？,man1,鉆入洞中：條蛇～回隻竉。
文,man1,貨幣單位：[粵]一～銀。
炆,man1,以小火燉煮：藤條炆豬肉
伆,man1,[粵]“乜人”合音，常讀高降調：～講。
抆,man2,拭：～淚｜～屎公(屎殼郎)
汶？,man3,泉
？,man3,酸菜變質味。
伆,man3,易折斷。
聞？,man3?,聽到，常用於問他人有無聽清楚渠講嘢。
,man4,（～先）面前。
?,man5,撲克牌裡的Queen，或來自“妹兒”合音：一對～。
瞢,mung1,不光明：[粵]天～～亮
瞢,mung4,視力不好：眼～
瞢,mang1,[粵]黑：黑～～
?,mang1,[粵]（～蝞）蜻蜓，亦叫“䘃蝞”
？,mang2,用拳頭用力打人
䒐,mang2,（～䒏）急躁，煩躁。
？,mang3,缺口，指物體缺角或有破損。
朆,mang4,合音字，未曾。
乜,mat1,[粵]甚麼：～嘢。
蠛,mat1,<白>同“<文>”，蠓：蚊～｜～仔。
㩢,mit1,[粵]捏，掐
歿？,mat1?,死光
,mat6,明天，又可以泛指以後：～朝；～晏；～晚
襪,mat6,穿在四肢末端用以保暖的衣物：手～
？,mau1,㩧打：琴晚先被阿爸～唨十幾殼。
朽？,mau2,木、鐵腐朽了
？,mau3,（穀子等）不飽滿
？,mau3,①小蟲聚集：蚊蟲～在一齊；②圍聚：好多人～｜你覅去～人家啲賭場
,mau4,（淡～～）味寡。
㜷,me1,①母親，多用於詞語：屌你阿～｜屌你老～；②乳頭：～脂。
?,me1,[粵]（屌～）（㞗～）陰莖。
咩,me1,①句末疑問詞，否，“冇”：你睇～？；②“乜嘢”合音，何：你睇緊～？；③同“乜”，常寫作乜：～嘢。
歪,me4,[粵]（～斜）①（多指酒醉后）姿态不正貌；②[北]不认真。
？,mek6,掉棄，扔，遠擲：～開佢
?,men1,①[粵]揭，掀起：～開張幕布；②[粵]翻開：～書｜～到第5頁；③[鬱]翻找。
？,men2?,（小孩）愛哭
？,men2/min2,避開、逃避：有人來捉你，你就～開。
？,men3/min3,鉆入：～回被竇。
？,meng2?,量詞，一片。
？,mi1,（舞～）手忙腳亂貌
屘,mi1,[粵]同“尾”：孻～。
睸,mi1,①閉眼睛：～眼；②[粵]假寐，小睡：聽我～一陣仔正。
蝞,mi1,<白>[粵]（塘～）（?～）蜻蜓。
瞇,mi1,①眇目；②[粵]（因困倦或受激等）目微開：熱頭鑱到我眼～～到。
靡,mi1,<白>缓慢：～摩。
?,mi1,<白>[粵]（塘～）（?～）蜻蜓。
？,mi3,（貓～）麻雀
沕,mi3,隱沒，潛水：～水(屏氣、潛水)。
渳,mi3,①飲：～一口試睇；②洗屍身。
瀰,mi4,滿，裝滿：啲水～喇，快啲閂水喉。
味,mi6,（蘊有食物味的）菜餚汁液
未,mi6,尚不曾做而將做：仲～食飯。
幎,ming1,①蓋，如拿照片貼在牆上；②披：～衫；③敷：～藥；
皿？,ming2,少量，一點：喫多～
？,ming2/meng2,①親吻：～嘴；②疼愛：佢好～佢隻女。
？,ming3,（人）擠，（人）擁擠
癟？,mit1,癟，氣球類軟面的甚至春袋癟了。
？,mit1,①擠壓：～痘痘；②抿嘴，大概就是小孩子不開心那種時候嘴型。
？,mit1,用力弄壞某物：撓痕～出傷口。
搣,mit1,小撕，掰：～開｜～紙。
篾,mit4,劈成條的竹片。
摩,mo1,[粵]動作遲緩，做事拖拉：～摩｜～挲。
？,mo2,滿：裝～
？,mo6?,賴坐不起：～地下
？,moeng6?,“乜樣”合音。
摸,mok3,以手抹上：你又～啲油嚟我件衫度。
摸,mok3,（約～）差不多：約～就得啦。
幕,mok6,量詞，部（用於電影、影視劇）：一～電影。
?,mom1,喂嬰兒的飯糜：～仔｜～～。
?,mom2,老人無牙的咀嚼
網？,mong2,量詞，田地：一～田
望,mong6,①看，觀察：～見｜～定定｜～路；②[粵]期待，盼望：外婆～我明朝考上大學。
黴,mooi1,極倒霉：做人做得咁閪～
溦,mooi1,小雨：～～雨
？,mou1,臉腫
髦,mou1,①[粵]過分顯耀，愛出風頭：～佬｜你冇使咁～；②[粵]（食物）鬆軟，軟糯：～番薯；③[粵]根莖類蔬菜中心失去水分而乾癟：～心蘿蔔。
毛,mou1,（發～）發黴(英語：mould)。
？,mou2/mu2?,扳，从泥土里向上扳、向上拔
舞,mu2,①進行工作或活動，把玩；②[粵]折騰：～了半日仲冇得！
？,mui2,口中用舌攪拌食物或使骨從中分離
媒,mui4,①[粵]（做～）指扮演受害者或顧客一方促成騙局或交易者；②[粵]指釣魚餌料：～子
？,muk1,食物變質味：臭～
,muk1,竹、木製的杯子，常作量器
木,muk4,"①樹類植物，有硬的根莖部：一蔸～；②愚笨：你咁～噶咩？ 教極都冇識；③[粵]一種捉人遊戲，一人捉多人逃，逃者可喊“木”不動自保待人解救，被捉或最末喊“木” 者輸。"
,muk6,不要，莫：～個講，～個貪平
,muk6,扔
？,mun1,能隨身帶的小口魚簍
？,mun1,（飯、粥）餿
鞔,mun1,①用布、皮等覆蓋；②（～身）做飯或乾活時，爲防止弄髒衣服而穿的圍裙。
悶,mun4,煩悶，無聊
朦,mung1,天將曉爲朦謂光：天～光
懵,mung2,①一時的心亂迷糊：我～喇；②（～懂）迷糊，頭腦不靈：我～喇｜老～
？,mung3,量詞，相當於節、段：一～蔗｜一～牆身。
矇,mung4,①模糊，不清楚：畫面好～；②（～茶茶）糊里糊塗
？,naa1?,（孭～）揹帶
俹,naa2,（～簁）作事苟且而不精細：你做事可唔可以唔好咁～
乸,naa2,雌性：雞～｜～型(娘娘腔)
艿,naai3,"①[粵]牽連，連帶：佢講白話～到一啲北方口音；②[粵]連帶刮擦：佢坐單車陣時捱台細車～到，不過好彩冇受傷 。"
喃,naam1,①喃喃自語；②誦讀：～齋｜～經
,naam3,縫補：隨便用塊布～一～就得啦。
揇,naam3,[粵]量詞，手掌張開後大拇指尖和中指間的距離：一～
蚺,naam4,一類體型巨大的蛇，大蟒蛇：～蛇
罱？,naam5,（～水）用水殼或者桶來裝水。
腩,naam5,肚子上和近肋處的鬆軟肌肉，亦指用此種肉做成的菜餚。
,naan3,累，乏：腰骨～
難,naan4,[粵]境況不佳：近排真係～噢｜～頂｜～抵。
儂,naang1,（～佬）指閩南潮汕人，亦泛指外地人(閩南語：nang2)。
妠,naap3,①娶；②[粵]指男女勾搭在一起：佢老公在外頭～到另外一隻女人嘹。
衲,naap3,[粵]泛指連綴：?～(關連)｜～釦(魔術貼、子母貼)。
納？,naap6,（～袋）衣服的口袋
?,naat4,[粵]形容黏或混濁：?～～｜粈～～｜nam1～～
,naat6,伸舌頭：～條舌出來睇睇。
？,naat9,一虎口，拇指與食指伸直的度；用手指量
橈,naau4,<白>同“<文>”，形容柔，亦見“褭”：～～。
鬧,naau6,[粵]罵：～人
嗱,nae4,嘆詞，表指示，引起別人的注意：～，幾多！｜～，睇了喂！
嗱,nae4,①豎中指時的附帶嘆詞，表達鄙視；②（對某人）豎中指：～佢；③表拒絕否定對方時的語氣詞
褦,naeng3,[粵]以絲線相連：?～。
？,nai1,壞、不好、故障：冰箱～咧｜睇久手機睇～雙眼。
？,nai3,[粵]①臟：件衫上面有塵，好～；②污垢。
,nai3,躲避、逃走：個賊仔見人就搵路～。
埿,nai6,①抹（建築塗料等）：你～粒兒水泥去䊆竉啊度；②牆表層塗料，膩子。
？,nak1,（～牙）口吃，口齒不伶俐
?,nak1,[粵]來孫，五世孫。
？,nam1,動詞，閉：～住眼，～住嘴，～聲發大財
？,nam1,（～痛）隱痛。
?,nam1,[粵]（～汁）鱼露(越南語：mắm/?)。
蘸,jaam5?,[粵]蘸液體、醬或者粉末：～咗粉先好擰去炸。
,nam5,[粵]蘸，同“醓”。
,nan2,名詞，鵪鶉：耕～
,nan2,名詞，蚯蚓：泥～
撚,nan2,"①拇指和食指搓轉：～掣(旋鈕)；②[粵]使（鑰匙、蓋、螺絲等）轉動：～開瓶蓋；③[粵]細緻地做：～菜；④[粵]玩弄：～ 女人；⑤[粵]作弄，算計：～化"
？,nan3,爛：隻核桃着你錘到融融～～｜下次我見到佢有幾～罵幾～！
?,nan5,油膩，令人反胃(越南語：nân)
？,nang1,（～niu1）很黏
?,nang1,[粵]（～膎）傷口癒合後留下的疤痕。
？,nang1/lang1lam1/nam1?,（la4～）疤痕
？,nang2,（～～痛）一陣一陣地疼痛。
？,nang2,做道場的用具
？,nang2,動作粗野：個人做事好～。
噥,nang3,①叫嚷；②轟動。
能,nang4,①[粵]形容硬朗，健壯；②[粵]能幹，有能力：佢好～，乜嘢都識。
？,nap1,（口，眼等）閉合
,nap1,（～嫩）極嫩
凹,nap1,周圍高，中間低，與“凸”相對：～凸。
粒,nap1,<白>量詞，多指顆粒狀的物體：一～珠
?,nat1,[粵]①用手指甲掐：～手上啲肉；②以指尖擷取、擷斷：～番薯菜|～斷樹枝。
？,nau1,（曬～～）（熱頭大～～）（痛～～）
孬？,nau1,壞，不好。
獳,nau1,怨恨：～死你。
獳,nau1,[粵]泛指發怒：激～。
扭,nau2,①擰：～乾條手巾｜～開蓋；②（～偈）（～紋）頑皮。
,nau3,名詞，體表傷病痊癒後坍成的凹痕。
,nau6,人動作慢貌。
腬,nau4,[粵]①濃稠，膩：鑊湯好～；②渾濁：啲江水幾時都係咁～啩。
䚥,nawk3,角落：角～、屋～
登？,ndang1,用於合成各種副詞：正～｜特～｜公～。
？,ne1,用腳踩並使之分散：～葡萄。
尕,ne1,小，年幼。
呢,ne1,①尾助詞，表疑問：爲乜嘢～；②尾助詞，表條件：五十文～我就買；③尾助詞，表轉折：你中意人哋，人哋冇中意你～。
呢,nei1,①（邊～）提起地點疑問句；②[端]疑問詞“何處”，或省自“邊呢”。
拈,nem1,[粵]用手指抓取：～嘢食｜～鬮。
棯,nem1,"①（～子樹）灌木，花紫紅。 漿果熟時呈紫黑色，可食用，可入藥。 又叫“桃金孃”；②（～子）桃金孃果實。"
？,!,用手指頭捻物：未洗手就喺度～菜。
？,nem2,躲藏：～～雞。
？,nem3?,摘除。
笭？,neng2,以竹片編製的魚簍：鱼～。
?,neng2,[粵]帽的量詞，又作頂：一～帽。
椗,neng3,蒂，植物的花、葉或果實跟枝莖連著的部分。
攝？,nep1,①合緊；②嚴密。
攝,nep1,①（以鑷子）攝取，夾取；②[立]拈。
??,nep3,[粵]凹癟，蛋糕等相對硬的里面也固體的癟了：你啲花生咁～仲賣咁貴。
捏,net3,①用手指把柔軟物弄成一定的形狀：用泥～公仔；②捲起（衣袖）：～高衫袖｜～高褲腳；③擠：～牙膏｜～米瘡；④擰：～乾條手巾；⑤握（拳）：～拳槌。
？,neu4/niu4?,因時間運動而酸痛：兩隻腳都行～嘹。
？,ngaa1,攀爬
閕,ngaa1?,張，裂：[粵]～嘴
？,ngaa2,（老～子）老太婆。
？,ngaa4,（～～仔）嬰兒。
?,ngaa4,老鷹：～鷹。
？,ngaa5,（唱～）祭拜神。
掗,ngaa6,霸佔：又冇坐又要～住只位。
?,ngaa6,①[粵]（～?）霸道，蠻橫：佢份人好～，乜着數都想攞齊去；②[粵]“?系”之省語，硬是：～冇識佢搞緊乜嘢鬼。
?,ngaai1,"①客家話的第一人稱單數，相當於我；②代指客家的：～佬 |～話。"
噯,ngaai3,[粵]同“愛”，鍾意。
嗌,!ngaai3,（～～聲）連連打噎聲
鈪,ngaak6,[粵]環狀飾物，鐲子：銀～。
元？,ngaan1,（毒頭～）詈語，陰毒的人。
？,ngaan1/njaan1,粗糙不平。
盞？,ngaan2,<白>量詞，同<文>：一～燈
眼,ngaan5,①[粵]即“眼子”，潮汐周期单位：一～水；②[粵]量詞：一～屋。
硬,ngaang6,①[粵]故意作對，偏偏：你喊我去我～冇去；②[粵]總是：～冇交貨。③[粵]動詞後綴，肯定、無論如何都：輸～；企～。
?,ngaap3,[粵]說，多指胡言：東～西～｜～諰(胡言、亂說)。
餲,ngaet3,[粵]指變味而產生的臊臭氣：臭～。
㿰,ngau1,[粵]（生～～）未熟，活生生。
？,ngaau4,（～nget1）麻煩的事：今次又有啲～喎。
鰲,ngaau4,（～魚）傳說中海裡的大龜或大鱉：～翻身(地震)｜～動翅(地震)。
䦋,ngaau4,長貌：長～～。
殽？,ngaau4?,彎曲的，不平的：～框｜呢塊床板～嘅，點睏啊？｜呢度門～晒框嘅，閂唔到啊。
研,ngaen4,<白>①同“<文>”，細磨，碾；②[粵]碾壓，滾壓：條路捱啲大車～壞嘹。
嗷？,ngaeu1?,（㥛氣～～）怒甚貌。
？,ngai1,偷
？,ngai2,輕拍嬰兒背部來哄嬰兒。
隑,ngai4,倚靠：～牆根。
？,ngai5,慢吞吞：你咁～，做一隻鐘作業仲冇做完。
？,ngai5?,吝嗇：～?。
？,ngak1,[粵]上下門牙咬合以破開硬殼：～瓜子。
觺？,ngak1,（磚～）斷磚
,ngak1,（gak1～）打嗝
?,ngak1,[粵]欺騙：你～我。
觺,ngak1,<白>[粵]①（指凹口或彎折處的）棱角：著隻～?到；②（物體邊緣上的）凹口：在鎖匙條上高車啲～仔出來。
？,ngam2,俯下，倒下：[莞塘]啲禾俾風吹～休。
奀,ngan1,[粵]瘦小：～～｜～妹。
？,ngan2?nging2?,不乾淨
刓？,ngan3,（竹、木）精確地刻或者鋸斷；用刀沿著物體劃一圈斷開；打個比方：用刀沿著番薯中間劃一圈
垽？,ngan6,水、湯、茶等的沉澱物：茶～。
？,ngan6/han6,聲音洪且響：咁～嘅聲音聾佬都聽得見｜～雷。
？,ngan6,凍、冷（多用于手腳）：手～腳～
瀴？,ngang6,①冷；②[粵]冰涼：趁熱食，粥好快就～個；③[粵]冷凝。
？,ngang3,用棍棒敲打（動物）。
？,ngap1,（～～喫）大口吞喫貌。
？,ngap1,上氣不接下氣。
?,ngap1,[粵]講，帶貶義：亂～廿四｜～得就～。
級,ngap1,<白>樓梯的級。
？,ngap4,用剪刀剪一小口。
？,ngat1,（～sjat1）或（～sjet1）吝嗇，小氣。
,ngat1,（發尿～）尿想屙屙不出。
勾,ngau1,[粵]彎曲：腰～。
?,ngau1,[粵]蹲：佢～落來縛鞋帶。
勾？,ngau1?,（用於表達年長或諷刺）量詞，歲，秋：成卅幾～嘹，仲冇定得落心？
勾？,ngau3,懸挂（的狀態）：我袋水果～喺邊度？
？,ngau3,①衡量塊狀物：木～；②植物根部。
？,ngau6,（～dau6）遲鈍，呆：發～。
？,nge1,①擬聲詞，哭：～都冇得～；②[石橋]（～～子）傷心哭狀
?？,nge1/nje1,依戀，糾纏
踦？,nge3,緊緊靠在一起：～近｜天冷，～着暖啲。
?,nge6,[粵]（一～）表非現實條件的尾助詞：我未去～，去就絕對贏。
？,ngek3/ngoek3,討厭、拒絕的語氣
齴,ngen1,（牙齒）外露的樣子：齒崖崖以～～｜佢笑得牙～～到，當隻煠熟狗頭噉。
齴,ngen2,用牙齒啃咬。
碾,ngen5,<白>
䑋？,nging5?,"①感到惡心， 不適；②厭膩：喫有兩周鷄蛋後，見到就～。"
？,nget1,（ngaau4～）麻煩事。
齕,nget4,<白>同“<文>”，啃咬：齮～
齧,nget4,<白>①同“<文>”，啃咬；②[粵]侵蝕，蛀蝕：啲蟲～壞木
扤,nget6,<白>[粵]①搖晃著挪動，來回磨蝕：～來～去｜～凳；②來回地拖延：～時間；③固執地哀求：都講冇得咯，你仲跟啲～｜～價。
？,ngi4,"（～ngi*1 ngo4 ngo4）囉唆不清"
齮,ngi4,①（～齕）（～～齕齕）啃咬；②[粵]（～～吟吟）細語。
？,ngip1/ngit1?,小聲説話。
？,njung1,蹲：～厠所～得我腳累。
哦？,ngo4,重複地勸說。
愚？,ngo4,①太過熟練而變呆；②（～頭～腦）獃頭獃腦。
？,ngoe4,發牢騷：你毋日日喺度～。
？,ngoi1/ngo1,大發脾氣。
?？,ngok6,仰頭，抬頭：～頭。
？,ngong1,發黴的氣味。
嚷？,ngong1,朝遠距離大聲喊叫：佢直過係度～。
盎？,ngong2,裝食物的器具，一般多爲牲畜飼料器具，用於人用食具較爲粗俗：狗～｜飯～。
戇？,ngong3?,①厭惡：食到～；②煩厭、無聊：無事做，～到死。
昂,ngong5,<白>抬頭：～高頭。
薅,ngou1,薅草。
?,nguk1,①[粵]彎曲處：曲～；②[粵]拐彎：～過右邊。
,nguk4,從井裏打水的動作。
㐾,ngwan4,人稱代詞，同“我”，或合音自“我人”。
汪？,ngwong1?,水多貌：一～水
？,ngyut3,（撅～）發小孩脾氣的樣子。
膩,ni3,①食物的油脂或放糖過多：油～；②光滑，細緻：細～；③厭煩：耍～嘹。
搦,nik1,握，持。
?？,nik6,膩，厭倦，極度疲勞：行到～，做到～，笑到～
？,nim3,用叉子把樹枝弄斷扯下來。
嚀？,ning1,（～nat1）叮囑
擰,ning1,[粵]①拿，取：幫我～本書過來喴；②表方式、工具，用：～火燒。
擰,ning6,[粵]轉動，回轉：～轉頭(回頭)。
佞,ning6?,（毒頭～）詈語，陰毒的人，多指女性。
,nit1/njet3,挨近，靠近：天冷～近皿坐就暖皿。
嫋,niu1,細
？,niu3,狹小的地方。
？,niu3?,花萎。
嫋？,niu4?,柔軟。
尿,niu6,腎臟的排泄液：～脬(膀胱)。
摣,njaa1,①同“揸”：～來喫；②量詞，一手所抓之量：一～米。
廿,njaa6,二十：～四
搋,njaai1,<白>同“<文>”，用力揉物：～了一日嘅面，攰死嘹。
踩,njaai2,<白>同“<文>”，踏：～單車
牚？,njaang3,①艱難地、用力地蹬，運動方向往上：～樓級，～上山；②大力的踢：一腳～你出街
?,njaang3/njoeng3,往嘴裏塞。
,njaap3,①形容触感粗糙；②形容口感粗糙(壯語：nyap)。
?,njaap3,動詞，生氣(壯語：nyapnyuk)：發～|整到我～澌。
？,njaap3,①張開兩隻手指以度，常意指中指拇指：～下條竹有幾；②量詞，兩指張開所得度：雞公～(中指食指間)；③蟲伸縮爬行。
？,njaap3,（三～蟲）尺蠖
？,njaat3,形容肉韌、耐嚼、韧：牛肉太～
撓,njaau1,<白>同“<文>”，輕抓，搔：～痒
爪,njaau1,①<白>同“<文>”，鳥獸的腳：雞～；②泛指手：左～。
蕘,njaau4,<白>[粵]形容雜亂的樣子：芿～～。
?,njaau5?,看，瞥
？,njai1,用拇指和食指尖掐一點肉：膠妹好得意，見到就想～～佢䊆面。
搋,njai1,[粵]抓拉：你～住我做乜？｜～衫尾
？,njai1?,食嘅肉的俗稱，主要指豬肉：瘦～|肥～
？,njak1,很，表程度：件衫～溼|房間～亂|地底～滑|碗～肥。
蹃,njak1?,踩踏
斟,njam1,商量，斟酌
?,njam1,（～～笑）指笑得很開心。
？,njam1,（～njai1）過家家：扮煮～njai1|玩～～|走～njai1
飲,njam2,①喝：～水｜～茶｜～酒；②[粵]泛指參加酒宴：一齊去～。
？,njam3,"動詞，人在有彈性的物體上上下下跳動， 不停地快速彎曲雙腿使身體上下運動，跳遠前雙腿來回彎曲：跳遠之前～兩下，跳得遠。"
？,njam4,（～定）靜而不動：你～定企在原地冇喐，我去買兩隻橘子畀你。
任,njam6,[粵]特指因客觀條件不限而隨意：乜嘢菜都有，～你揀｜～夠(保夠)。
人？,njan1,<白>①（大～）大家：大～聽好；②彼此，各自，或合音自“一人”：～睇～｜～頋～。
？,njan1?,發牢騷：佢逳冇逳就～。
忍？,njan2,驚顫：?～｜佢吓到我～一～。
䟴,njan3,①顫動身體：～腳；②輕輕地躍動：～來～去。
仁,njan4,植物的種子。
扔,njang1,<白>同“<文>”，牵引，拉：～實實(抓住，亦指糾纏而不善罷甘休)
芿,njang1,<白>[粵]①形容雜亂：頭髮～成一球｜～荛荛；④形容毛髮直立的樣子：雞之毛～。
？,njap1,（～nji1）吝嗇、小氣
？,njap1,（～njoe1）蜻蜓
執,njap1,<白>[粵]用指抓取：～菜食。
蓻,njap1,量詞，一手抓起的數量(侗台語)：一～毛。
入,njap4,①進，由外到內：～屋；②[粵]內：～邊。
？,njau1,蜷曲：～腳趾。
,njau1,形容詞，物體很有韌性，不容易斷的樣子：好～咬冇入｜番薯～
揪,njau1,用手抓住或扭住：～心
憂,njau1,[粵]（吉～）氣急，生氣。
咡,nje2,[粵]句尾助詞，而已，罷了。
？,nje4,塗染：～黑件衫。
惹,nje5,①招引：糖～蟻子；②染，引致（病）：～一身病｜食糖會～痰；③傳染：感冒會～人。
嘢,nje5,①物品：有～睇；②泛指事情：做～；③家伙：隻～唔好
？,njeng1,平面的一角翹起
㘝,njep3?,[粵]層層捲起，斂起，翻摺起(衣袖)：～高衫袖｜～高褲腳
？,njeu1,翹起。
兒,nji1,小稱：乞～｜仔～｜妹～｜貓～。
怩,nji1,[粵]（～～忸忸）忸怩，亦指不安份，小動作不斷：你覅論日～。
睨,nji2?,瞄
儀,nji4?,（～得）（～得～）反而想著，寧願：我～唔使做。
？,njin1,植物嫩芽：出～。
？,njin1,皮膚起鱗屑
齞,njin1,<白>同“<文>”，齒露脣外：牙～。
Ａ,njin1?,撲克牌中“A”的稱呼(英語：ace)：～士
燃,njin4,電路接通，電器運作：電視～着｜盞燈冇～了。
搓？,njo1,（將紙等）搓成一團
弱,njo3,<白>同“<文>”，不強：～屄(形容人沒用)
,njoe1,（njap1～）蜻蜓
？,njoe1?,食物爛透後乳狀物往外流
,njoek3,小鳥叫聲
？,njoeng1,保持某种状态，連同，附帶：～埋皮一齊喫。
?,njoeng4,植物流出的黏液
饟,njoeng6,[粵]①餡；②往內装填、填充：～棉被｜～豆腐。
錐,njooi1,<白>同“<文>”，叮咬；②[粵]用細物戳：～隻竉仔。
?,njuk1,[粵]動：你咪～｜～下個鼠標。
忸,njuk1,[粵]（怩怩～～）不安份、小動作不斷：你覅論日～。
髶,njung1,①頭髮散亂；②[粵]泛指蓬亂的
？,njung1?,（飢～～）猶言飢餓。
乳？,njooi5,植物分泌的粘液：木瓜～。
魚,njyu4,娼妓：木～bok1得，金～唔bok1得。
？,njyun1,嘆息。
蝡,njyun1,<白>①同“<文>”，蠕動；②[粵]（因驚駭、激動等）毛骨悚然、全身有物爬行或電流蔓延之感受：心～。
蝡？,njyun1?,蜷縮：～成一䊆；～腳趾；～水；～～縮縮。
錈,njyun2,刀口卷折。
？,!en3,踮：～高腳
？,njeng3,踮高腳：你～起身睇咪見咯。
那,no3,[粵]指示詞，表遠指，那：邇本書係我噶，嗰本書係你噶，啊本書係佢噶，～本書係乜人噶？
糯,noe6,（～）（?～）緩慢，遲慢，遲鈍。
耐,noi6,久，時間：好～冇見。
？,nom5?,（屎～）差勁。
,nom6,做某件事情把握不大
浪,nong2,白費：食～米。
?,nong6,<白>[粵]褲襠：開～褲。
？,nong3,①往受力物體反方向拉；②往下扯。
攮,nong3,刺入
儾,nong3,鬆垮。
齉？,nong3?,鼻子不通氣：鼻～。
,nong5,（落～）田陷下去
？,nou6,瞪眼睛
,nu?,（～嘴）撅嘴
呶,nu3,[粵]同“那”。
怒,nu6,十分，程度高：呢對尖頭鞋～窄。
？,nui1?,推擠：公車上逼到人～人。
,nui2,用手指用力掐
搙？,nuk1,[粵]（來回）搓揉：～手巾｜～身｜～衫褲
搙,nuk1,①（以物）戳捻：～死；②[粵]用筷子捻取：食乜菜就搛乜菜，冇得攞對筷子～來～去｜～肉食。
偓,nuk1,人屋，别人：人～
儂,nung1,我們，我
燶,nung1,同“?②”，燒焦：煮～飯。
?,nung1,①黑色：～黑；②[粵]燒焦，糊：煮～飯；③指植物焦黃、焦糊：呢幾日無落雨，又唔記得淋水，的花都～晒。
儂,nung2,[粵]小孩：細～｜～兒｜兒～｜～仔(男孩)。
？,nung5?,衣服潮溼生黴味：臭～
女,nyu5,①女儿：我有两個～；②女孩子：傻～｜乖～。
㫱？,nyun2,皮膚因被蚊蟲叮咬或過敏所起的疙瘩：蚊～
嫩,nyun6,①初生而嬌弱：啲葉好～｜～粒粒(形容蔬菜)；②[粵]年輕：佢雖然三十幾嘹，不過睇起身仲好～｜～粒粒(形容長相)。
噦,oet6,<白>同“<文>”，氣逆：～氣｜打～。
愛,oi3,需要：你～個樣嘢冇？｜行路去～幾耐？
惡,ok3,①兇惡：佢好～個，你最好冇惹佢；②厲害：佢乜嘢都識，真係～；③擅：佢～彈琴。
韽,om1,①聲音細小不清脆；②[粵]哄小孩（睡覺）：～細佬哥睡覺。
?？,om1?,（黃～魚）黃骨魚
瘖,om2,（因殘疾）不能説話，啞：～佬。
唵,om4,（餵童時）喫：擘大口，～！｜～多兩口粥。
鞍,on1,車座：坐～。
安,on1,①放置：～好本簿｜～啲鹽落；②取，設：～名；③[粵]編造：立亂～｜自己～出來嘅。
婠,ot1,<白>（～娺）引申爲肥胖：肥屍～。
爊,ou1,①久熬煮：湯～耐啲先好飲；②（腐～）熬豆腐。
擙,ou1,够，伸手觸及：～唔到。
澳,ou3,深入內陸的急灣，用於地名：將軍～
？,paa1,嘴（含貶義）(侗台語)：狗～
吧,paa1,表假設、推測：你係戆個～
？,!paa2,（樹～）樹椏杈。
怕,paa3,①恐惧：～死｜～醜；②或許，表示疑虑或猜想：恐～｜～你經驗冇够，冇做得直樣嘢。
,paai5,動詞，崴：～着腳
啪？,paak1?,關（電掣）：你再唔瞓覺我就～掣㗎喇。
,paak1?,表示很厭惡：～到頭機｜～財來。
泊,paak3,停泊，停靠(英語：park)：～船｜～車。
？,paang1,（臭～～）極臭
㔙,paang1,[粵]兩臂平伸所達度：～幾長(十分長)。
?,paang1,①同“㼞”“甏”；②[粵]特指寬口金屬碗、飯盒：飯～。
抨,paang2,"①掃，拂過，撣；②[粵]揮舞（棍棒等）擊打：細時候經常攞棍～䘃蝞耍，而今䘃蝞都難見得到嘹；③[粵]（雙手）撲打：在水中～ 兩～。"
胓,paang3,①腹脹；②[粵]空的，華而不實的；③[欽]（～蛋）變質的雞蛋。
抛,paau1,停（车）：～车
脬,paau1,①膀胱：尿～；②量詞，用於屎尿；③[粵]（卵～）陰囊。
？,paau1?,已逝人的虛歲，男加二女加一：佢壽得95歲，算埋～，就97歲。
奅,paau3,[粵]謊話：譇大～
甏,paeng1,瓮一类的器皿，本或作“㼞”
抨,paeng1,驅赶，驅逐：～走。
批,pai1,指雪糕，冰棍之類的食品：綠豆～
錍,pai1,[粵]泛指體細長而頭多瓣的金屬器：螺絲～。
?,pai1,削：～果｜～皮
,pai1,猜算：俾我～中
？,pai6,“唔係”之合音。
,pan2,轉動，回轉：～頭
頻,pan4,①[粵]急行：～來～去；②[粵]（～蹸）匆忙貌，亦指麻煩：使乜咁～｜件事好～。
㗶,pat1,欺騙。
匹？,pat1?,（大～）體大貌。
抔？,pau1,量詞，堆：一～工｜一～垃圾。
？,pau3,①不結實：鬆～～；②（～腩）肚子鬆軟的肉；③肉浮腫，多指生病
鰾,pau3?,浮子，魚鰾
？,pawng2,用手掌使勁打
䠋,pe1,[粵]伸展，張開：～一字腿｜～開腳好厏埞。
?,pe1,①一對(英語：pair)；②[粵]扑克牌：打～。
？,pe1,[粵]对一类人的称呼，常含贬义：癫～。
潎,pe3,懶散
？,pek3,扔掉：唔要就～唨渠啦。
僻？,pek3,（時間、空間的）邊緣、盡頭：佢來得咁～，爭啲冇趕得辦｜隻碗冇安咁～。
劈,pek3,①敲詐，欺騙：佢買嘢經常挨～；②（～酒）喝酒時的猜拳；③（～友）黑話，殺人；④毆打（對打）、教訓。
？,pek6,撥掉：你面高有粒米，～甩佢。
翻？,pen1,翻：～下啲泥等好種嘢
辮,pen5,<白>同“<文>”，交織，編結：～頭髮｜～孖辮。
?,peng1,肋骨：～骨｜唔怕～斷。
?,peng1,靠背，橫木；椅～｜挨～｜牀～。
憑,bang6,靠背，橫木；椅～｜挨～｜牀～。
？,peng2,[粵]（瓦～）瓦片，或爲小稱固化。
鉼？,peng3,①鈸：敲～～；②（～～）鐵瓶蓋，小鐵盒
平,peng4,<白>便宜：～嘢。
䏘？,pet1,（～～）屁股：我～好似好㷫噉啊。
坺,pet6,<白>量詞，軟糊狀物：一～泥湴。
?,pet6,<白>①同“<文>”，瑩白；②[粵]（白～～）（形容紙、牆、粉末等）成片白色的樣子，白生生。
㹃,pe3,①以手撥開、散開；②翻找
披,pi1,（～saa4）意大利薄餅(英語：pizza)
？,pi2/fi2,（～鼠）蝙蝠
皮,pi4,萬文：幾～嘢。
？,pi4?,[粵]打（人），揍（人）。
蚍,pi4?,（螃～）見“螃”
被,pi5,睡覺時覆身之物：～袋(被套)。
偏,pin1,借光：有車過，～一～。
片,pin3,①量詞：睇下你～面；②用刀橫切成薄片：～下䊆肉。
？,ping1,量詞，時間段，排：一～｜有～。
?,ping1,渔船两边挡雨的竹篾
？,ping3,一種竹編片狀用具，用於晾東西
潎,pit3,潲（雨）：～雨｜捱雨～湿身。
?,pit3,削，斜砍：～竹
撇,pit3,①丟開，拋棄：～開；②由液體表面舀取：～取；③[粵]使削過液面：～水｜～水雞(打水漂)；④離開、逃跑
薸,piu5,浮萍。
樖,po1,量詞：一～樹
普？,po1?,（一～羅）一世界，一大堆
破,po3,①穿：[粵]識～你；②剖開：[粵]～開隻瓜
？,po4?,像蝙蝠的一種鳥
墣,pok3,（磚～）土坯
爆？,pok3,（生～）很乾旱
撲,pok3,因生活工作而奔波：～來～去，頻～。
？,pong1,①器皿摔碎的声音；②[粵]（～烂）摔碎
？,pong2?fong2?,歪側
旁,pong4,（海～）海邊狹地(葡語：Praia，海灘；英語：Praya)，常指濱海小路，亦作“海傍”：堅彌地城～。
扶？,pou4/pu4,扶：～高我
潽？,pu1,（沸水、湯、粥）溢出：快啲關細火，粥～出嚟啦。
孵,pu1,<白>[粵]停留，不活動：～定(窩着、沉迷於)。
鋪,pu1,量詞，版，面：～相(樣子。貶)。
鋪？,pu1,量詞，回合：打一～麻雀
哹？,pu3,吐：～口水
匏,pu4,<白>（～蘆）葫蘆：～瓜。
蒲,pu4,"[粵]浮 ，本或作“浮”：～頭｜～面(浮於表面)"
婦,pu5,<白>（新～）妻子。
覆？,puk1,將器皿口朝下倒置：～佢返嚟。
仆,puk1,<白>①同“<文>”；②[粵]趴：～街｜～檯。
撲？,puk4?,[粵]玩耍。
拚,pun3,豁出去，不顧後果：～死；～財。
？,pun4,桌子：檯～。
蓬？,pung1,用紙或布覆蓋：～上去。
塳,pung1,塵土飛揚貌：～烴烴
椪,pung3,柑的一種：～柑
?,pung4,①沸水溢出；②液體滿溢出。
?,pung4,[粵]量詞，指行途：一～車
？,pung5,水渦：金牛星得知天上嘅仙女要到村東邊隻～裏中洗身。
沙,saa1,（～紙）畢業證明書，尤指學士學位(英語：certificate)。
卅,saa1,三十：年～晚
唦,saa3,（～冧）道歉，請罪：呢件事係我錯，～！
？,saa4,（麻麻～～）模糊不清。
莎,saa4,（pi1～）意大利薄餅(英語：pizza)
？,saa4?,量詞，一陣雨：一～雨
謕,saai1,譏笑，嘲諷：～檔(以言語拆臺)｜佢論日～我冇文化。
晒,saai3,[粵]助詞，表全稱、程度、結果、完結等義。本或作「澌」：多謝～！｜做～嘢正去耍。
澌,saai3,①水尽；②泛指竭尽，消亡：～亡；③指死尸。
疧,laai4,[粵]形容（因病等）软弱无力的样子：软～～｜腰骨～～。
,saak3,不講衛生，不乾淨：lak4～;脏乱：～hak1。
？,saam4/faam4?,（手～）多手。
散,saan2,（兼職）散工、臨時工，亦作“炒散”。
散,saan2,零碎的：～錢
散,saan3,[粵]服藥後身體虛弱
㨘,shaang2,批评：被老板～。
？,saap3?,（?～～）粗糙。
撒,saat3,"①放開，散放：～手｜～尿；②[粵]受驚：條蛇突然間飆出來，做我嚇～跳去｜～醒；③散落：米～得 一地都係｜～架(散架)；④播（種）"
?,saau4,見??
睄,saau4,視線快速掃過：一眼～過去，教室冇有幾隻人｜～來～去。
跴,sai4,[粵]（走～～）见“走”。
噬,sai4?,<白>同“<文>”，咬，吞：着狗～了一口。
？,sai6?,打。
？,sai6?,严厉指责：佢～得我好冇面
？,sak1,（～gik6）串門或出去玩
息,sak1,<白>孫之子，重孫：孫孫～～。
？,sak6,[粵]（醒～）機靈。
䟄,sak6,[粵]（跳～～）见“跳”。
？,sam2?,以語言誘騙：冇聽佢～｜䊆閪婆又係度～你買啊啲保健品。
䫖,sam6,能力弱，低能：你咁～，60分也冇考得。
?,san2,[粵]（打～忍）见“打”。
？,san3/seon3,坡。
？,sang2,茁壯
傖,sang4,<白>[粵]傻貌：笑～～｜懵～～｜戇～～。
繒,sang4,<白>（绫～）见“绫”。
？,sap4?,（～sle4）薯類脆而不甜：啲甘葛好～。
擻,sau2,抖動：抖～｜有啲人一坐下來就中意捉隻腳～來～去，啲系一隻壞習慣嚟噶。
瀉,se2,（不小心）潑撒：打～豉油｜捧穩冇整～。
瀉,se3,[粵]①腹瀉；②（粥）稀。
卌,se3,四十。
?,se4,搔肚腩肉使發癢。
斜？,se4,①<白>同“<文>”，不正：瞇（me4）～｜眼瞇（mi1）～～；②[立]眼睏。
射,she6,關照，照應，支持：冇佢～住你，你唔掂㗎。
射,she6,（～lei1眼）外斜視。
事,sei6,同「事」<白>
？,sek1?,臀部。
惜,sek3,<白>①疼愛：儆～；②親吻，俗寫?。
兟,sen1,發送(英語：send)：～啲資料畀我。
癬,sen4,<白>[粵]①微癢：心～；②使人發癢，?。
擤,seng2,吸鼻涕
性,seng3,<白>[粵]特指壞脾氣：發～。
蕈,seon3,（香～）香菇
銊,seot1,①鎖：門～；②鎖好：～門
？,seot1?,囱門
?,sep3,①小片；②[粵]將（薄片、細物等）塞入、插入：擰啲嘢～落台腳去。
？,sep3?,扭傷：～到腰骨
？,set6?,（白～～）膩白
䘯,seu1,<白>[粵]（菩萨～）紅藍叉尾鬥魚。
雪？,syut1,（白～～）蒼白
沙,shaa1,（聲～）嗓子沙啞。
?,shaa1,①[粵]順手拿取；②[粵]順帶：～把遮畀佢。
䖢,shaa1,（?～）蛾類昆蟲
耍,shaa2,①遊戲，玩樂：放假打算去邊啲去～；②舞動，施展：[粵]～大牌。
？,shaa4?,①（～～滾）浮躁，魯莽，亂來一通，好出風頭，不務正業四處玩；②（～li1弄?）莽撞，亂來
舐,shaai5,舔，大舌頭舔：食完～乾净碗。
,shaai5,①駡人白痴；②（白～～）苍白
索,shaak3,①求取；②[粵]喜歡，熱衷於；③[粵]胃口好：～食｜～飯。
柵,shaak3,<白>①量詞，（瓜果等）一瓣，一塊：破開兩～；②量詞，一片區域：啊～埞都在佢名下。
摵,shaak3,击，打：着佢～了一巴掌。
溹,shaak3,雨水飛濺：雨從窗眼啲～落來。
柵？,shaak3,①[粵]（肋～骨）肋骨；②[北]（～條）豬背脊到肋骨之間的肉。
衫,shaam1,上衣，亦代指衣服：唥～｜～包(裝衣物的包袱)
饞,shaam4,①貪喫，專愛喫好的：嘴～；②貪，羨慕：眼～。
閂,shaan1,插閂關閉：～門｜～窗。
煽？,shaan4,鼓動、煽動：講兩句就被～去唨。
漦,shaan4,[粵]（碱水、粘液、湿物等）滑腻：～稠稠。
㨘,shaang2,[粵]①擦洗：～镬；②訓斥：捱老闆～。
？,shaang3,圍鴨子的竹圈子
？,shaang3,碗櫃
？,shaap3,愚蠢，不可理喻：～腎。
？,shaap3,吸：～水｜～氣。
？,shaap3,（聲音）沙啞。
唼,shaap3,（～氣）慪氣，費心
,shaap6,不知羞
煠,shaap6,①一種烹飪方法，將食物置入熱水或熱油中，待沸即出；②特指水煠。
殺,shaat3,"①[粵]贏錢，賺錢；②[粵]擅：  ～食；③[粵]答應條件，成交：～你；④（～喉）（酒、醋等）刺激喉嚨。"
,shaau1,哄騙
稍,shaau1,<白>①同“<文>”：～爲(稍微)；②[粵]置於形容詞後，表程度深：弊～。
筲,shaau1,①一種盛飯用的竹筐：～箕；②水桶：水～。
捎,shaau3,打：一槌～过去。
?,shaau3,門牙向外突出:～牙｜牙～～。
?,saau4,[粵]①掃，刮：我一脚～過去；②掃蕩：～齊啲菜去；③大口地喫。
？,shaau4?,隨手拿取，同“?shaa1”。
,shaau6,丟，扔
簁,shai1,同篩，見俹簁
篩,shai1,用篩子過：～米。
？,shai1?,打，特指打臉。
使,shai2,①用：～力｜～嘢；②派，差譴：老乸經常～我去買嘢；③[粵]需要（用於否定、疑問）：唔～落去咁早；④花費：～錢｜～好耐。
駛,shai2,御駛（牲畜）：～牛｜～牛耙田。
深,sham1,①從表面到底或從外面到裡面距離大，與“淺”相對：部車停得夠～；②玄妙，深奧：[粵]條題好～｜～筆字。
？,sham3,①愉快，過癮，好玩：打機打足一日好～啊｜去XX玩～唔～，即好不好玩；②有趣：老鼎好～，晚晚喫飽飯去田肚捉田蛤
瞫,showm3,①往深處看：你～下我床底見我樸鎖匙冇；②偷看：～妹仔。
？,sham4,把眼睛瞇起一條縫來看，多見於近視者沒戴眼鏡時。
呻,shan3,①[粵]（～聲）無病呻吟；②[粵]抱怨：佢成日～佢俾阿媽打。
呻？,shan3?,吹噓。
？,shan6/sheon6,菜汁，餸汁，湯水：肉～｜米～。
溼,shap1,①沾水或含水多：～浡浡(潮溼)；②[粵]避諱詞，避“肝”“竿”等：豬～|擔～。
?,shap1,慳，吝嗇：慳～｜～衰(小氣)。
蝨,shat1,無翅小型體外寄生蟲統稱，吸血爲生，能傳染疾病：頭～｜～乸。
實,shat4,①緊，與鬆相對：你紮咁～我解冇脫|密～。②[粵]動詞後綴，表達存續體，有堅實、牢固之意：睺～佢。
收,shau1,留下來作他用：啲飯～嚟煲粥。
廋,shau1,隱匿，隱藏，躲：～起身｜～盲雞(躲貓貓、捉迷藏)。
壽,shau6,"[粵]活 ：～九十秋。"
騇,she3,①母马；②[粵]妓女：嫖～。
蛇,she4,①[粵]比喻人懶：又懶又～｜死～爛鱔｜～王(偷懶)；②帶狀皰疹：生～。
聲,sheng1,①[粵]量詞：喊了你幾十～你都冇應；②[粵]後綴，聲音或狀語標誌：嗱嗱～｜好好～。
裇,sheot1,譯音字：～衫。
霅,shep3,①雷電交加的樣子：天～～；②指閃電：～爧｜[欽]天～。
？,shet6,①液體四濺，同“沸”；②擤。
折,shet6,①虧：～本；②磨損：製膠～矣｜鞋穿到底都～矣。
屎,shi2,差，劣，水平低：佢好～。
豉,shi6,（～油）調味料，以豆類經發酵後製成。
示？,shi6,（鼻～）鼻子
識,shyk1,①知道：～得唔～得；②知曉：～做(會做人)｜～英文。
搧,shin1,掌摑：～佢兩風殟。
?,shin1,[粵]疑問詞，邊，哪：你在～啲？
善,shin5,美好的，形容人仁慈淳樸：人～畀人欺，馬～畀人騎。
焺,shing1,[粵]形容熱浪滾滾的樣子：倉庫裡頭冇識幾～。
成,shing4,整的：～日。
？,shing6,用於“冇…冇～”框，弱化動詞形容詞，不甚：啲人冇識冇～，冇使理嘅。
？,zhing6,①更，更加：渠～叻過你；②（～有）還有。
攝,ship3,①吸取：～石；②掀起：～起張被。
？,sho1,"形容密而多： （～～ding4）可形容雨或樹木。"
梳,sho1,[粵]量詞，指成排的，像梳子般的：一～芭蕉。
啥,sho2,甚麼：做～
梳？,sho4,①把物品聚攏：捉啲嘢～近；②給予人某物：～把遮畀佢。
？,shoe4,擬聲，水流的聲音：屙尿時～一聲。
觴,shoeng1,[粵]貪食，饞：～吃｜～鬼頭｜把嘴咁～噶？
想,shoeng2,①抱抱做親暱的動作，安慰：～～先；②關心，寵愛。
?,shok3,用繩子或帶子勒緊，抽緊
揱？,shok3,身材好，性感貌美。
,shon3,（牙～）齙牙
,shong1?,詈語：我～撴佢蝦籠｜我～！
塽,shong2,[粵]乾，少水：～米(飯乾爽貌)。
睡,shooi6,橫陳，平躺：捉啲木～到來放。
絀,shot1,[粵]傻，或來自英語(英語：short)：你都～嘅嗱。
訹,shot1,①引誘，誘惑：～佢去買早餐；②恫嚇。
?,shot1,①沿線下滑；②投、擲(英語：shot/shoot)：～球。
箾,shawk1,用若干桿狀物等打人：用筷子～佢。
數,shu3,①帳目，流水：敲～｜睇～｜～頭；②社交地位，面子：佢哋都冇睇你～。
？,shung3,用繩子草草束緊
食,shik4,①喫：～飯；②生計，俸祿：揾～
鼠？,shyu2?,詼諧語，偷：～走佢啲嘢(把他的東西偷走)。
處,shyu3,<白>位置：邊～
蜍,shyu4,（蠄～）见“蠄”
薯？,shyu5,人笨，人蠢：佢～到閪魂。
？,shyun3,鬼鬼祟祟貌。
吮,shyun5,吮手指
葸？,shi1?,（～縮）（～～縮縮）拘束，不大方。
思,si1,一直掛念著：心～～。
施,si1?,（～～然）慢條斯理貌：等咗半日佢先至～噉出來。
四,si3,（～正）①方正，整齊（指房間或間隔）；②端正（指外形或位置）。
？,sik1,門的鎖舌：落～
先,sin1,用桿秤稱物時秤尾高，稱輕了
先,sin1,語氣詞，放句末表再確認，到底如何：噉你識佢冇～？
先,sin1,①（頭～）（行～）始，初：嗰帶最整～嘅就係嗰棟樓；②先行體助詞或助詞部件：我誃～｜我誃頭～。
鏾,sin3,①爲雄雞去勢；②去勢了的：～雞。
？,sing1,（faat3～）很多；（naat3～）差得遠
醒,sing2,送，贈：包零食係佢～嘅。
醒,sing2,留心，注意：你～住佢喔｜～水。
醒,sing2,聰敏，機警：～目｜～水。
,sing3,肉痛：個高檔西餐廳比被貓抓還～。
鉎,seng3,鐵鏽：把刀生～喇。
？,slak4,一陣陣的痛：～～噉痛。
泅,slau4,游泳：～水
唆,so1,[粵]（大量地、盡情地）喫：～一餐。
趖？,soe1,繁忙，事務多：～完工廠嘅事我就回屋。
瀡？,soe4?,滑落，滑行：～澌碟菜落煲；～滑梯。
削,soek3,①食物引起的腸胃不適感：肚好～｜酸嘢～肚；②[莞塘]（藥物）使消瘦：啲藥好～。
,soek3?,結構鬆散：塊豬肉好～。
相,soeng1,親自看（是否中意）：～睇(相親)。
鑲,soeng1,①把物體嵌入另一物體上或加在另一物體的周邊：～牙；②[粵]用物體擊打：捱啤酒瓶～爆頭。
諰,soi1,（?～）胡言
索,sok3,①繩；②麻將中的“條”。
索？,sok3?,①（以物）引誘：行開，你冇喺度～我；②怂恿，唆使：佢～我出街。
糝,sam2,撒落，散開：～鹽。
?,sam2,[粵]理睬：佢又冇～我。
訊,son3,<白>[粵]勸誘：～我去傳銷。
喪,song3,[粵]神志不清：戇～。
尿,sooi1,<白>同“<文>”：屙～。
浽,sooi1,①（～溦）小雨；②[粵]（哭～～）见“哭”。
遂,sooi6,①順，如意：順～；②（～顧）留神，注意。
騷,sou1,表演，劇場(英語：show)。
蘇,sou1,（插～）插頭(英語：socket)。
蘇？,sou1,分娩，生（孩子）。
䛾,su1,[粵]①理睬：你叫人地做工，人哋～都冇～你；②留意，注意：～顧。
？,su3,將物品以布包裹或遮住。
漱,su3,含水盪洗口腔，借指刷牙：～口洗面。
？,suk1,①炭，煙頭等火星熄滅：你冇整～火啊。；②滅火引申出滅燈
宿,suk1,食物變質味：臭～
粟,suk1,[粵]（～包）（包～）（～米）玉米。
餸,sung3,[粵]下飯的菜。
熄,sik1,①火灭；②灭火；③消亡，平息，停止，死亡；④[粵]泛指关闭电器设备：～灯；⑤[穗][港]（心～）死心，希望破滅。
癙？,syu2,精神不振：大渡河日日～～停踎在屋里
嗉,syu3,"①禽類消化囊，禽類喉下盛食物的囊；②（冇過～）原指鷄鴨消化不良、食物積在嗉中不消化至死，引申爲不理解、不吸收；③（翻～）喻 滿口食物而咀嚼：冇翻得嗉。"
損,syun2,（皮膚組織）破損，擦傷：我隻手～唨。
腨,syun5,小腿：～子肉。
呔,taai1,輪胎(英語：tyre)：車～｜爆～。
?,taai1,[粵]領帶(英語：tie)：領～。
㔊,taan2,[粵]剜，挖削。
儃,taan3,享受某物：～茶｜～世界｜～空調
潬,taan5,水邊沙地，多用於地名：～尾。
？,taap3,"（情情～ ～）指影視或文學作品中言情內容氾濫"
䍇,taap3,一種底平寬而口小的罎子：屎～｜埕埕～～。
撻？,taat3,偷：我荷包又被～唨去。
炟,taat1,①（電子）點火；②（男女情愫）點燃。
撻,taat3,用抹布或拖把擦：～下塊地
澾,taet6,①滑貌：滑～～；②（～手）物體從手中滑落。
銻,tai1,[粵]指鋁：～煲。
睇,tai2,"①[粵]看：～書；②[粵]動詞後綴，嘗試體標記，表嘗試，常與“試”成框，常與瞬時體“下”連用： 試㧬～下睇?得唔?得。"
？,tam2?,舀：～杯水。
?,tam3,①說謊；②[粵]哄，說好話騙人：～妹仔開心。
蟶,tan1,<白>(閩語)
褪,tan3,①蜕皮；②脫衣服褲子：～衫～褲
？,tan3?,喘氣。
忳,tan4,①心驚，害怕：考試就來，我好～｜～雞(害怕)；②颤抖：手～脚震。
蹬？,tang1,①蹬：一腳～渠行開；②喻死亡，簡自“蹬凳”：今早車禍，～開5隻人。
瞪,tang1,<白>同“<文>”，怒目直视。
膯,tang1,①饱；②[粵]饱满，膨胀：皱噶瓜皮好食过～噶。
？,tang1/cang1,盖上，罩上：喫完飯記得～好菜。
？,tap1,（～～扂）完成得很好，很順利
錔,top3,抓人：警察～唨個犯上警車｜訓導老師～唨個曠課嘅學生入訓導處訓話。
敨,tau2,[粵]①（大口）呼吸：～氣；②休息：攰死喇，～下先；③（早～）睡前說的客套話，直譯爲「早點休息」。
敨,tau2,[粵]展開包住或卷住之物。
炓,tau5,[粵]點火，引燃：～火(生火)。
捵,ten2,[粵]挣扎。
踲,teon4,在同一地方來回走動：～來～去｜～上～落。
豚,teon4,（肥～～）形容肥。
倒,teu2,<白>傾出容器內容物：～水。
剔,tik1,[粵]打（勾）(英語：tick)：～勾。
剔？,tik1,將開關向上挑，如電板煲嘅制
剔？,tik1,一种笔画，相當於普通話的“提”：～手旁，～土旁
聽,ting1,（～日）明日。
聽,ting1,量詞，罐(英語：tin)：一～啤酒。
聽,ting3,①任憑：～任；②[粵]特指不加干涉，交由自便：冇要幫佢，～佢自己來。
貼,tip3,①靠近，緊挨：冇要跟車太～；②找錢：～回兩文；③（～錢）貼補錢財，亦指倒貼錢。
斢？,tiu2,調換。
條,tiu4,①量詞，根：～棍；②量詞，用於人，略帶貶義：～友；③量詞，用於成行列的文字或記錄：一～題；④量詞，用於抽象的記錄：一～數(一筆帳)；⑤量詞，用於村子：～村
？,tiu6,逃跑、躲藏
唾,to3,吐口水：～痰。
馱,to4,孕婦懷著某人：啊陣時我仲～住你三姐。
胎,toi1,將被子套入被套中：～被。
托,tok3,①扛，抬：～起隻箱｜～上膊頭；②托盤：一隻～；③量詞，一托盤的量：一～糖。
撢,tom3,①探；②[粵]专指探入、袋入口袋：～落袋
榃,tom4,水塘，水坑。
憛,tom4,（～頹）木訥貌。
?,tom4,來回走動、繞圈：～～轉
窞,tom5,深坑。
氹,tom5,同“凼”，常用於地名：～仔｜澳～大橋。
劏,tong1,①宰切，宰殺：～雞；②剖開：～西瓜。
摥,tong3,[粵]平推，使平動：～㩡｜～櫳
鐋,tong3,①古代用來平整木料的工具，一說形近今高腳銼；②[粵]銼平，拋光；③[粵]鋪平，展平：～平張紙。
堂,tong4,課：上～｜英文～。
搪？,tong4,量詞，張、幅：一～被｜一～蚊帳
溏,tong4,未凝固的糊狀物：麻～雞屎。
？,tong5?,（批～）爲磚牆上灰。
錔,top3,①金屬套；②[粵]（無縫）套合、接合：冇記得～筆蓋，搞到支筆跌斷水｜捉啲水管～起身；③[粵]套用：而今啲人寫論文，東～西～就得一篇，真係世風日下；④上鎖：～門｜～車。
綯,tou4,①繩索；②[粵]捆綁。
徒？,tu4?cu?,量詞，用於成羣的人或動物：一～學生｜一～鴨｜一～馬。
頹,tui4,"[粵]形容人不機靈，能力差：～佬｜做咩你咁～嗰？ 咁簡單條題都冇識做！"
筒,tung2,<白>[粵]（～骨）腿骨，多指猪的腿骨。
痛,tung3,用鼻子亲吻：～下佢。
痛,tung3,①[粵]疼愛：從細最～你嘅就係阿婆哦！；②[粵]（好～）形容小孩惹人疼愛，可愛：哎喲，隻儂幾好～哦！
同,tung4,①和：我～你去｜～佢講話；②替，爲：～我買樽豉油返來。
團,tyun3?,在一起（生活）：渠老婆～渠已經兩年嘹。
屋,uk1,房子，家：新～｜返～｜～企｜～己
壅,ung1,[粵]用土或沙埋：～啲寶入土。
擁,ung2,<白>推：～佢落山。
？,ung3,（～aang3）地牛（草叢中的一種體型小、叫聲大的蛙類）
甕,ung3,陶缸，多用於儲物：米～｜～缸。
蕹,ung3,（～菜）亦叫空心菜，旋花科植物，常作蔬菜食用。
武,vu5,人名用
哇,waa1,（～鬼）調皮鬼，吵吵鬧鬧的人（常指小孩）：啲～去晒街。
蛙,waa1,（～人）指那些正在申請或已獲得移民他國資格、但仍留港工作的香港人。
哇,waa5,"[粵]語氣助詞，表示存疑、反問：冇系～？ 咁快就醉啦？"
話,waa6,（～名）在名義上：個細路哥～十歲，其實都未到九歲｜佢～係董事啫，乜都唔理。
話,waa6,（就～）則然：冇趕時間，趕就～嗟。
竵,waai1,不正，偏斜：～～拐拐
？,waak6,（～被）睡覺時手掀開被子
灣,waan1,停泊，停靠：～車｜～船。
擐,!waan1/haan1/faan1,穿戴，尤指穿戴新款衣飾：～～西装｜～金戒指｜～～手錶。
環,waan4,（受組織保障的）城中心、鬧市區，亦叫“環頭”、環外叫“環尾”，本或作“寰”：上～｜四～九約
灣,waan4,<白>同“<文>”，用於部分地名：土瓜～｜沙～｜南～｜西～。
還,waan4,歸屬，指兩者互不相干：一人～一人｜路～路，數～數。
軭,waang1,①[粵]指圈形物體形態被破壞：車輪～嘞；②[粵]事情被破壞：好好一件事捱佢搞～嘞。
尪,waang1,骨胳弯曲
搲,wae2,"①動詞，挖: ～出來｜～銀；②用指甲抓、挠：佢～穿我個手；③以小刀挖。"
威,wai1,[粵]厲害：～水
喴,wai1,[粵]①語氣詞，表祈使：你睇下～！；②語氣詞，表認同：係～！
媙,wai1,①女性貌美：生得～；②[粵]泛指好看，同“媁”。
媁,wai1,漂亮：～衫｜你間屋幾～喎｜～出花。
爲,wai4,（難～）爲難：咁落雨都嚟，真係～你喇。
爲？,wai2,（難～）反說，表示譏諷，（還）虧（你，他）：啊啲事仲～你講出來！
椳,wai3,開關，門鎖。即舊式木門門閂的門臼：關落～
？,wai4,米、麵等的含水量：有～｜嗎～。
圍,wai4,多面環水的大塊陸地，用於地名多：羅沖～｜君珠～。
潿,wai4,（～田）水田
爲？,wai4?,（～意）留意到，注意到：冇～到
爲,wai4?,①（～過）（～到）（～止）相當於：5年一屆兼連任，～十年；②（～得過）值得：都算～。
爲,wai6,（～食）嘴饞，饞喫
瀢,wai6/jooi6,油膩，油亮：喫盤炒粉整～張嘴。
殟,wan1,突然失去知覺：～沌
瘟,wan1,①流行性急性傳染病：發～；②中病的：～雞。
穩,wan2,（～陣）穩妥，妥當，使人放心：攞～｜你都係問聲佢～啲。
？,wan3,①骨、骹疼痛：腳～；②牙齒受冷而痛。
韞,wan3,[粵]監禁，困住：警察～賊佬入監倉。
囩,wan4,量詞，表示次數，相當於「回、次」：我去過三～南寧。
雲,wan4,（魚～）魚鰓邊可喫的果凍狀物，魚腦
暈,wan4,頭發昏，有旋轉的感覺：～陀陀。
囩,wan4,轉：你～轉身，面嚮我
運,wan6,[粵]聚積（氣力）：～力。
耾,wang1,①（～～）形容聲音大：～～雷聲；②[粵]耳鳴：震到耳都～。
？,wang6,（㧒[wat4]～）搖擺。
屈,wat1,（電玩中）借系統漏洞或不當手段達到目的：～機｜～速
鬱,wat1,①地名：～林｜～南；②[粵]悶，封閉：間屋好～｜～窒(狹窄、空氣不通而壓抑)。
爩,wat1,[粵]用煙或某種氣體熏：關好門窗～蚊蟲
屈,wat1,①使彎曲：～手指；②[粵]扭轉，扭傷：～到腳；③[粵]彎曲的：～頭蛋。
核,wat4,①<白>同“<文>”，果實中的硬粒物：桃～；②（～突）噁心，亦作“鶻突”。
,!wat4,扳倒，扭摔：～角｜～低佢。
？,we1,（醜～～）醜貌。
？,we2,①肉久煮而融爛：～～腍腍；②肌肉不結實。
喂,we2,[粵]①語氣詞，表祈使：你睇下～！；②語氣詞，表認同：係～！
？,we3,討厭：我好～你啊。
？,we3?,用手指撥開物品。
喟,we6,"[粵]①語氣詞，表示勉強接受、贊同：一講算嘹～；②語氣詞，表示委婉建議：一冇我哋週末去北海～；③語氣詞，表示顯然的事理：肚餓 就食～。"
？,wet6,（尤指无章法的）塗寫：我仔成日亂塗亂畫～
涴,wo3,髒的、弄髒
喎,wo3,①語氣詞，表示疑問、反問：我去嘞～？；②助詞，用於加強語氣：人家係博士～，識嘅嘢梗係多過你啦｜冇得噉做～。
禾,wo4,穀類植物的統稱：割～。
嚄？,wok3?,停牛的呼令。
㦜？,wok3/fok3,煩躁
？,wok3/fok3,攪拌
鑊,wok6,圓底炒鍋：～蓋｜～鏟
枉？,wong2,慌張：屙屎都唔使～。
旺,wong6,用桿秤稱物時秤尾高，稱輕了
旺,wong6,①熱鬧，繁華：個條街好～；②生意興隆：佢間鋪好～；③運勢好：佢打麻雀好～。
嗚,wu1,[粵]同“呶”，遠指。
趶,wu3,俯身
?,wu3,俯身，本或作“趶”
䛩？,wu3/hu3/ku3/fu3,大罵，謾罵。
煨？,wui1,比喻蚊虫叮咬：挨蚊子～熟矣。
煨,wui1,①在帶火的灰裏烤熟：～番薯；②用微火慢慢地煮：～熟
䵳,wui2,很淺的黑色。
？,wuk1?,欺騙
翼,yk4,翅膀：雞～｜～梢。
應,yng1,（～承）答應：呢單嘢我～唨佢。
應,yng3,①回覆：～一聲佢；②瀰漫性的：～痛｜～聲(回聲)。
趲,zaan2,①[粵]使移動，搬移：～開；②[粵]（走～）偏移、偏差。
灒,zaan6?,濺：～到一身溼。
仔,zai2,①兒子；②男孩子：[港]mk～｜～兒；③指年青人：男～｜女～；④小稱：凳～｜碗～；⑤暱稱：陳～。
嚌,zai6,①（咁～）尾助詞，近乎，常與表近似的詞成框：差唔多做完～；②（得～）甚，十分：紅～。
鯽,zak1,<白>
則,zak1,（～計）以爲，亦作“計”。
側,zhak1,旁：～面｜～邊。
測？,zhak1?,①掂量，斟酌：～下條魚幾兩重｜～毣；②（～～）（～毣​​）約計，大概，大約：個袋米～有五斤｜～稱兩斤番茄畀我。
浸,zam3,①浸泡：～茶｜～水；②淹没：水～街｜屋捱水～。
?,zam3?,①量詞，層，用於薄平面(越南語：?/tấm，“板”)：棟樓總共有卅幾～咁高｜水面上有一～油；②[欽]量詞，用於樓層。
？,zam4,（zi2～）多言。
罾,zang1,①古代一種用木棍或竹竿做支架的方形魚網；②網起：“乃丹書帛曰‘陳勝王’，置人所～魚腹中”。
憎,zang1,恨，討厭：乞人～｜我好～佢。
䒏,zang2,（䒐～）见“䒐”。
甑,zang3,烹飪器皿
？,zap4?,將物體浸入水中抖動：捉啲菜～下水
,zat1,（zuk1～）蟋蟀
挃,zhat1,①[粵]塞入，置入：～落袋；②[石橋]推，物體動或不動都可以；③[欽]（～之）一直：佢哋～在啲笑。
椊,zat1,塞子：木～｜樽～。
？,zat6,（電腦、網絡等）因受阻而運行緩慢，滯緩，窒滯。
咄？,zat6?,大聲夾惡嘅語氣使得對方無話可說，咄咄逼人：做得唔好直過挨佢～。
蝵,zau1,（蜘～）蜘蛛
嗻？,ze1?,（～lau1）蝉
？,ze2?,（e2～）做事不認真
蠐,ze4,蟬(閩南語：tsê)：蟬～。
灺,ze4,①燈燭餘燼，亦泛指餘燼：香～；②指燈燭：～淚；③熄滅；④[粵]使熄滅，撲滅：～丟啲火去；⑤[粵]炒菜時澆水入鍋。
謝,ze6,①枯萎，枯萎狀：幾日無落雨，啲花都～澌囉；②精神萎靡：渠俾人飛唨之後成個人～唨。
踐,cen5,<白>[粵]步行遊蕩：～來～去。
樽,zeon1,泛指瓶子：金～。
僔,zeon2,積攢：～錢。
盡,zeon6,任由，隨其所好：～你。
卒,zeot1,（因好感而）自願服事者：小～。
澈？,zet6,[粵]用於疊詞，表示某些物體性狀：溼～～。
？,zet6?,水唧
噍,zeu6,①慢慢咀嚼；②【謔】喫，大喫：呢碟菜冇人食，等我～咗佢。
爹,zhaa1,父親、父輩：老～|公～|姨～｜[欽]舅公～
?,zhaa1,父親、父輩，本或作“爹”
揸,zhaa1,以手把取：～錢｜～車(開車)
渣,zhaa1,①沉澱物：水里頭有好多～；②湯料：冇淨系飲湯，食多啲～；③食物纖維少而乾癟：個條乾葛好～；④[粵]（癩～）癬疥等皮膚病。
鮓,zhaa2,①用鹽腌的物：鹹菜～、酸菜～；②用鹽腌：用鹽～做嘅酸菜～就食，用醋腌做嘅酸嘢就冇食
苴,zhaa2,①糟粕；②[粵]質量差：～嘢；③[粵]劣、次、水準低：乜你游水游得咁～㗎│呢種茶葉好～，邊飲得噃。
？,zhaa3,（gu1～）蟬
迮,zhaa3,強壓上：你咁重坐上會～崩架車嘅。
詐,zhaa3,①假装：～死｜～嬌；②[粵]說謊。
䕢,zhaa5,（藞～）见“藞laa4”。
泎,zhaa6,擬聲詞，油炸的聲音
摣,zhaa6,量詞，指一手抓取的零散物量：一～花生｜一～米。
厏,zhaa6,①（～厊）不相合；②[粵]佔據，阻佔：～埞
?,zhaa6,见“?”。
捚,zhaai1,[粵]投掷：～沙包。
笮,zhaak3,用重物壓住：攞䊆石～住張紙｜大石～死蟹。
窄,zhaak3,①（空間）小：個間房好～；②（衣服）尺寸小：個條褲太～，冇穿得落。
眨,zhaam2,眨：～眼
賺,zhaan6,徒勞無功，白費，常作“～得”：～得同你講咁多，完全都冇入有耳
踭,zhaang1,[粵]脚踝，脚跟：脚～㞘
㬹,zhaang1,[粵]手肘
䂻,zhaang6,[粵]脹，撐：肚～
,zhaap3,摺起衣服
劄,zhaap3,①站住：～馬步；②[北]鳥、蟲等停留在某處：雀仔～在電線上高｜蒼蠅～在墻上高。
牐,zhaap6,①[粵]泛指用隔板等切分成塊、成段：不如捉間大廳～開來租仲好過；②[粵]量詞，形容劃成的部分。
鍘,zhaap6,①（～刀）一種斬切的器具；②用鍘刀切：～草。
,zhaat3,（～～跳）跳不停貌
紮,zhaat3,①[粵]地位上升：～職；②[粵]以筆記：～數(埋單)｜～記(以筆記)。
焦,zhaau1,乾枯，乾燥：～水｜～旱。
爪,zhaau2,[粵]（以鐵線等）捆綁：～實隻鐵絲網。
罩,zhaau3,①捕魚或養雞鴨等用的竹籠子：雞～；②[粵]保護：我～你；③[粵]包攬支出：～數。
㷹,zhaau6,[粵]油炸
劑？,zhai1,（大～）形容事情重大
？,zhai1,放置：～低啲嘢｜～埋(收起)。
制,zhai3,管束，制服：除矣佢老乸冇人～得到佢。
䎺,zhai3,①願意：唔～就唔好監人；②划算：呢件事唔～得過㗎。
䭁,zhai3,（發～）食物變質、腐敗。
掣,zhai3,[粵]控制機器的關鍵處，機關：剎～｜撳～。
滯,zhai6,因過食而消化不良：阿仔食～咗，好彩有佢。
滯,zhai6,（～胃）喫東西後消化不好
滯,zhai6,（溼～）①中醫術語；②[粵]不順，麻煩：呢排有啲～。
針,zham1,（蚊蟲）叮咬，蜇。
砧,zham1,捶、砸或切的時候，墊在底下的器具：～板。
斟,zham1,①往杯盞裡倒飲料：～茶；②[粵]談判，商量：今晚～直條數。
?,zham1,①注視，盯(越南語：?/chăm)：～定部電腦做乜；②守著，監守，守候：～住佢來。
枕？,zham2,（手、腳的）老繭。
,zham3,一種織漁網的單頭小梭。
?,zham6,[粵]量詞，形容令人不悦的味道：一～味
蟬,zham6,<白>同“<文>”：～蛴(蟬)
沉,zham6,①[粵]使物體被浸沒：～豬籠；②[粵]比喻投入（金錢等）：～錢；③[粵]溺亡：～死。
真,zhan1,清楚，顯明，清晰：[粵]影得～|睇冇～。
準？,zhan2,當作（是），算作（是）：嗰隻包～係早餐了
震,zhan3,顫抖：手～｜腳～
陣,zhan6,①一小片刻：等～｜一～間；②[粵]時間狀語標記，“……時”：去嗰～記得帶遮。
？,zhang1,用大石頭砸
執,zhap1,①[粵]收拾，整理：～淨間房｜～行李；②[粵]修剪頸下的毛髮：～毛腳；③[粵]撿，拾：～垃圾｜爲咗出國，我又～返英語；④[粵]觀察模仿：我演示一次，你～到做；⑤[粵]經觀察模仿而習得：我冇～得到佢隻字嘅發音；⑥[粵]摘：～橘子。
縶,zhap1,[粵]（錙～）瑣事。
？,zhat1,按住：～到渠冇畀渠?；～渠落地底
窒,zhat6,①阻塞不通：鬱～；②[粵]專指打斷話語：～住澌。
周,zhau1,一次，一趟：我想上～你屋企。
遮,zhe1,[粵]遮陽遮雨用具，傘，諱“散”而呼“遮”：去埞記得帶～。
？,zhe2,借故：佢～是去屙屎就誃咧。
正,zheng3,<白>①正宗；②好：件嘢好～。
準,zheon2,認爲可以停止：～了，冇整了。
圳,zheon3,水渠：水～
迍,zheon6,行路艰难：遴～。
?,zhet1,[粵]用手搔人使癢，俗寫“擳”：我特別驚人哋～我。
?,zhet1,<白>擬聲詞，鳥蟲聲：吱～。
支,zhi1,支付：～錢｜～工資。
之,zhi1,①[粵]或爲“好之”的省略，表轉折：佢想去啊，～佢唔得閒呢；②[粵]副詞標誌，加在副詞後修飾動詞：猛～走｜亂～食。
止,zhi2,表示地步、程度深。爲止：睇電視睇到三點～｜行咁遠，行上玉林街～｜條索扯斷～。
至,zhi3,①最，表程度：～少；②（～多）充其量
志,zhi3,（～在）①在意：～得失；②目的在於：～當官。
直？,zhik6?,（～過）一直：我～整。
直？,zhik6?,（～程）簡直：～就係噉。
？,zhin1,掀起，掀開。
氈,zhin1,[粵]毛毯：一張～
整,zhing2,①[粵]處理，修理：～車｜～菜；②[粵]捉弄，陷害：捱人～
正,zhing3,①[粵]關聯副詞，才，再：寫齊作業～得去耍；②[粵]先行助詞，先：你等下～。
朝,zhiu1,①早上：～早；②天，日：今～；③[粵]早餐：食～。
唨,zho2,完整體助詞，本或作「著」。
阻,zho2,①[粵]妨礙，擋住路：～埞｜架三輪車～齊條路｜冇～我做嘢；②[粵]耽擱：佢～矣我三隻鐘頭。
糬？,zho6,糕點：米～｜衍子～｜糖～｜糖隆～
着,zhoek3,穿（衣）：[粵]～衫。
着,zhoek6,①點燃（燈）：～燈；②開：～電視｜～車；③（～數）好處：我幫你有乜～啊；④（～數）划算：菜賣一文銀一斤，幾～喎；⑤入（味）：～味；⑥遭遇，遭受：～雷劈；⑦被動：我～拉去幫佢做事；⑧須要：父母～送仔女讀書。
？,zhoi3,比較大的肉疙瘩：磕到頭起～。
？,zhong6/hong6,攔截流動物質：～實攤水。
脽,zhooi1,家禽的臀部：雞尾～。
錐,zhooi1,[粵]叮咬：捱蜜蜂～。
縋,zhooi6,"①[粵]（繩索、樹枝等）懸垂：啲樹枝～落來糝到我頭；②[粵]  （人、物等）往下猛拉：嘢太重～斷索。"
娺,zhot1,（婠～）见“婠”。
啜,zhot1?,<白>①同“<文>”，言多不止，亦作“諁”：啊吱啊～。
漴,zhawng6,①衝擊：河～石壕；②[粵]用水沖：～水。
？,zhuk6,手持，手握：～筆｜～筷子。
忡？,zhung1,（心～）心慌
舂,zhung1,（垂直）墜落：～落山
摏,zhung1,①直線重擊：～落山｜～頭飛機；②[莞塘]以拳向前擊打
蹱,zhung1,走路不稳：行路一～一～。
眾？,zhung3,多人共享一物：你哋兩家～一本書睇。
仲,zhung6,[粵]①仍，還：～有咁多人唔肯誃；②而且，還：～會有禮物畀你添。
炙,zhyk3,烘烤：用火～下｜～火(烤火)
直,zhyk6,筆畵中的“豎”：一横一～是十字。
侏？,zhyu1,違逆倫理道德，背德：父母冇養，兄弟冇要，你做人冇得咁～！
箸,zhyu5,①筷子：筷～｜～籠；②[粵]量詞：夾一～菜。
啜,zhyut1,①口吸；②亲吻。
啜,zhyut3,①吸（食）：～奶│～田螺；②亲吻；③負壓引起的吸附：對鞋～住咗地下。
？,zhyut6/njyut6,擦，抹：～茶几｜～屎胐。
螆,zi1,[粵]①小動物身上的癩；②植物上的蚜蟲。
錙,zi1,[粵]（～縶）煩雜瑣碎的事情。
？,zi4,（～zam4）嘀咕，嘟囔
？,zi4?,擤鼻涕
字,zii6,時間單位，一個字爲五分鐘。
字,zii6,乘電梯用語，“一字”表示二樓，“二字”表示三樓，依此類推。
癪,zik1,中醫詞彙，疳積病，小兒腸胃類疾病：呢個小朋友唔多想食嘢，梗係生〜嘞。
櫼,zim1,①楔；②（打～）插隊，僭隊。
墊,zin3,①襯在底下：～高；②替人暫付款項：～款；③用來襯、舖的物品：床～。
正？,zing3,①燥熱：呢度咁〜，點解唔去嗰頭避下熱頭啫？；②[鬱]加熱：啲湯水～口就得喫了。
？,zit4?,用手指触碰。
脧,zoe1,男孩的生殖器：～～。
？,zoen1?,量詞，用于每次取用少量的小件消耗品：一～口脣膏｜一～黐膠｜一～牙膏。
？,zoi4/zi4?,"（loh7 ～）很肥"
在,zoi6,（由～）任由，亦簡作“在”：去冇去～你。
作,zok3,编造：～故事。
作,zok3,頑鬧：唔好喺度～。
墌？,zok3?,用泥築壩：～條壩戽魚。
鑿,zok6,敲挖器物，敲鑿：～牆
？,zhok3,隨意寫個答案：啊篇嘢係佢自己亂～上去嘅｜冇識答就亂～一隻答案上去啦
䤔,zom2,醬：魚～｜蝦～。
脧,zooi1,男孩的生殖器。
䘒,zooi1,同“脧”。
？,zot1,（bot1～）形容少量，用於否定：～都冇識
？,zou4/zu4?,爛：爛～
做,zu3,"①進行活動或工作：～工；②爲、當：～人；③[粵]表達對行動一致認可：～冇～；④[粵]耗費： 寫份報告～了我成沓紙；⑤[粵]動詞後綴，表示以某種方式：行～去學校｜蒸～嘅魚正好食；⑥[戎][鬱]食用：我啱～過啊碟魚，幾好味。"
？,zuk1,（～zat1）蟋蟀
？,zuk1,[金網]衣物等在其內部被擠壓不能舒展開來：被入得冇好，挨～住喺裏低，冇舒服；着褸啊時冇njap1到衫袖，裏面件衫嘅衫袖挨～住
蹙,zuk1,<白>同“<文>”，聚缩，使聚缩：～血(形成瘀血)。
？,zuk6,被液體嗆著：游水～着｜飲水～着
縱,zung3,寵，縱容：佢老竇老乸論日～佢。
咀,zooi2,①同“嘴”；②[粵]次：佢做種事已經冇係一～兩～嘹；③[粵]用於地名，尖岬：尖沙～｜大角～。
即,zik1,（～管）任由他人去做自己並不認同的事情：你～去，反正我冇理嘅。
