嗰啲一當係自己屋。\n,		
      一間正跟你講。\n,		
      你咁有力，一講做咩冇去搬磚？\n,		
      你係自己去一係我送你去？\n,		
      我一係你就直接執衫包走人。\n,		
      一係落雨就收衫回來。\n,		
      一係當初早尐買入就好嘹。\n,		
      一冇我哋去睇電影？\n,		
      快啲起身喴，一冇遲到咯。\n,		
      你去一𡃀，我冇去。\n,		
      我未去一𡃀，一冇邊輪到佢攞獎。\n,		
      我一願搭飛機去。\n,		
      一世界人。\n,		
      年底一世界工做。\n,		
      等多一陣都冇死得你哇？\n,		
      我一陣間就到啦。\n,		
      今日去隻所謂國際美食節一終係賣啲羊肉串噶。\n,		
      我今晚一咀捉啲工做齊去。\n,		
      隻嘢講話啞喫嘅。\n,		
      就噉定嘹，你冇使再啊吱啊啜嘹。\n,		
      度副詞，尚、還:我見佢亞蠻靚妹哇！\n,		
      我屋挨到佢屋。\n,		
      挨年近晚，要小心賊佬。\n,		
      幾年前佢仲矮垤垤到，而今生到一米八嘹。\n,		
      鹹蝦臭，留畀阿儂做晏晝。\n,		
      睡晏晝覺。\n,		
      冇得跟嗰啲冇正經嘅人嚶嚶耍耍。\n,		
      聽佢講嘢一當鴨聽雷。\n,		
      我哋拗手骨睇邊人大力。\n,		
      我隻仔從細就好拗頸，講冇聽噶！\n,		
      哎呀，咁竄係冇？\n,		
      哎呀，跳得夠高哦！\n,		
      揞到面。\n,		
      我細陣時最中意在隔籬屋耍揞面廋雞哦。\n,		
      今晚冇有月光，外頭暗埲埲到。\n,		
      種了樹之後要罯土。\n,		
      幫舀一甌仔飯畀我喂。\n,		
      捉啲屎屎尿尿存到留來漚肥。\n,		
      漚雨漚了成隻星期咯，抵力哦！\n,		
      考得七百幾分，夠巴閉啦！\n,		
      一隻月領幾千文工資，有咩咁巴閉？\n,		
      你睇你煮得啲飯巴竭竭。\n,		
      佢讀咁多書，有佢做把簿你就放心啦！\n,		
      幫我霸定隻位置。\n,		
      記得提前半隻鐘頭去霸場喎！\n,		
      最後一鋪同點都要搏噶喇，輸了罷就！\n,		
      我已經撈你講過嘹，冇聽罷自就。\n,		
      阿婆，咁早就去擺街啦？\n,		
      佢乜嘢都冇識做，一日到黑坐在辦公室啲擺景。\n,		
      飯都熟了仲未擺檯？\n,		
      佢老婆大肚嘹，所以趕到擺酒。\n,		
      我好多年冇回過村頭拜山咯！\n,		
      佢上課一直在啲拜眼瞇。\n,		
      而今啲細佬哥越來越百厭嘹。\n,		
      使齊錢嘹，衹能白白望人家耍嘹。\n,		
      白薯䊦，又得食，又得捏。\n,		
      白果豬肚煲。\n,		
      我班輩係「揚」字輩。\n,		
      坐監獄。\n,		
      以前啲爛仔打交使𢴬炮噶。\n,		
      等下你出街順便𢴬丟啲垃圾去。\n,		
      你絕對識係邊人做噶，冇使跟我扮嘢。\n,		
      佢一日到黑鋪憂鬱板，好扮嘢。\n,		
      隻嘢識精哦，扮豬食老虎攞走齊啲錢。\n,		
      洗淨八月十五等食藤條燜豬肉！\n,		
      隻死八婆真係百厭！\n,		
      你哋先走，我包㞘。\n,		
      塊玻璃爆罅嘹。\n,		
      間店生意好哦，日日都爆滿。\n,		
      又輸十杯，爆莊嘹。\n,		
      佢十幾年前貪污嘅事而今正着爆戳出來。\n,		
      跌跛腳。\n,		
      失戀咡囉，冇使咁閉翳哇！\n,		
      弊稍哦，我出來冇記得帶鎖匙嘹。\n,		
      翻北風。\n,		
      隻嘢夠笨𫵱嘅，照抄都抄錯！\n,		
      畀佢憑到老板正得咁風氣。\n,		
      佢耍堆爛泥耍得不知樂乎。\n,		
      嗰煲羹着煲焦嘹。\n,		
      佢報牌了哇，出最大嘅頂喎！\n,		
      諗壞啲裨腸。\n,		
      諗壞啲腸。\n,		
      要扁粉一係圓粉？\n,		
      冇咁多時間撈你絣牙花。\n,		
      今日咁多人來，真係好畀面。\n,		
      畀心機讀書啦！\n,		
      舊時新年燒炮𠻋哩𠵔𠼖到！\n,		
      隻人講話冇識幾逼頸。\n,		
      手機壞嘹，逼到要去買部新嘅。\n,		
      今晚煏燒烤啊。\n,		
      你幫邊邊？\n,		
      你去邊啲？\n,		
      邊啲係你嘅書？\n,		
      邊個講噶？\n,		
      邊人講我壞話？\n,		
      你徛佢邊頭。\n,		
      邊隻鬼打偷了我拖鞋？\n,		
      幫我摒走堆嘢去。\n,		
      一放學幫儂仔就猋唅唅噉出來。\n,		
      嗰堆火燒得幾紅，火星熛撒撒到。\n,		
      又畀你搏錯贏了一盤。\n,		
      跟你講話真係搏氣哦。\n,		
      佢為了爭第一名好搏命。\n,		
      嗰條衫薄𠯦𠯦到。\n,		
      多謝各位街坊幫襯。\n,		
      幫手整菜。\n,		
      望咩望！快啲磅水！\n,		
      昨晚買豬腳粉老闆冇記得補錢畀我嘹。\n,		
      佢成日做錯事要我幫佢補鑊。\n,		
      我背脊啲生了粒米粒瘡。\n,		
      我本身冇想來噶。\n,		
      幫攞兩斤半肥瘦。\n,		
      而今啲細佬哥講嘢半撈不白，下一代就可能完全冇識講白話嘹。\n,		
      啲雞肉煮到半生熟噉同點食？\n,		
      隻老師其實都係半桶水。\n,		
      佢隻人冇識幾多𥹸子噶。\n,		
      大人講話細佬哥冇叉巴啦！\n,		
      昨晚差尐得米咯！\n,		
      差尐仔入球。\n,		
      架車夠差火哦！\n,		
      差冇多到嘹。\n,		
      北海啲豬腳粉跟欽州嘅差天遠。\n,		
      我猜準佢今晚冇來噶。\n,		
      你係來踩場嘅哇？\n,		
      今日你係冇係來拆場噶？\n,		
      互相拆臺對大家都冇有好處。\n,		
      員警捉賊佬。\n,		
      你條金項鍊亮到鑱眼。\n,		
      台車咁殘渣，係時候換啦。\n,		
      部手機成日司機，好殘渣。\n,		
      拖多幾條友來幫撐場喂！\n,		
      人仔細細就咁劥撐頸。\n,		
      今晚我自己在屋打甂爐，過來撐檯腳冇？\n,		
      冇識擦鞋邊上得位。\n,		
      樓上裝修好吵耳。\n,		
      啲細老哥真係吵𫵱耳。\n,		
      冇搏命炒更，幾時正買得到屋？\n,		
      昨日放學捱幫爛仔耖身。\n,		
      老王啲身世好淒涼。\n,		
      識你耍遊戲耍得沉醉囉！\n,		
      冇使理佢啦，啲老同志都係咁沉醉㗎！\n,		
      今晚陪媽仔去趁街。\n,		
      今日出新棠街趁墟。\n,		
      肚痛係冇？趁你病攞你命，愈發要做你！\n,		
      嗰隻哈密瓜湒脆嘅！\n,		
      啲工都做得七七八八嘹。\n,		
      隻路口啲車出出入入好危險。\n,		
      出千着捉到就捱打死。\n,		
      有咩咁出奇？\n,		
      出在你啦！\n,		
      佢好失禮，出人見衆都穿得咁邋遢。\n,		
      單嘢我要抽水10%。\n,		
      隻嘢夠醜鬼嘅！\n,		
      咁大隻人仲哭，醜鬼冇？\n,		
      又瀨尿？醜喵喵哦！\n,		
      有咩回屋斟，冇要當街爭，醜人！\n,		
      佢講啲白話臭青嘅。\n,		
      條水溝臭烴烴。\n,		
      隻嘢幾日冇洗身了？咁遠都覺得臭氣。\n,		
      件衫冇識幾臭汗酸。\n,		
      啲粽都臭歿咯！\n,		
      條魚臭泥嘅。\n,		
      盤青菜臭火燫嘅。\n,		
      啲細佬哥嘈天巴閉。\n,		
      天未光就捱嘈醒嘹。\n,		
      車車轉都冇揾得到佢。\n,		
      我食飽就誃人嘹。\n,		
      隻雞未記得撏毛。\n,		
      撏丟啲毛去。\n,		
      送分題都錯，真係淺水沉死人！\n,		
      啲線黐實嘹。\n,		
      噉子正似樣囉！\n,		
      你穿身嘢夠似𫵱嘅！\n,		
      佢似十足佢老豆去！\n,		
      佢學吉他都學得似模似樣喎！\n,		
      僭隊嘅人真係冇素質。\n,		
      千祈冇信佢！\n,		
      昨晚去滾嘅事穿煲嘹。\n,		
      佢連續投了幾隻穿針。\n,		
      跌穿頭。\n,		
      佢太諯世，好多人想打佢。\n,		
      生到噉子嘅仔，真係前世冇修哦！\n,		
      啲荔枝仲青蘨蘨到。\n,		
      食碗清簡粥冇識幾舒服！\n,		
      片天真係清景。\n,		
      我喜歡在啲比較清景嘅地方住。\n,		
      啲泉水好清甜！\n,		
      中了咁大獎，幾時請飲？\n,		
      畀佢做？我情願自己做哦！\n,		
      日日着領導鬧，真係冇情願哦！\n,		
      我初初仲以為佢跟我一樣大。\n,		
      坐定收錢。\n,		
      我錯手打到佢。\n,		
      你啲頭髮長橈橈到，幾時去剪？\n,		
      條竿長䦋䦋。\n,		
      今晚大橋頭又有人唱採茶。\n,		
      你隻菜腳，我讓你三碼。\n,		
      隻賊佬係從窗眼跳落來噶。\n,		
      隻𫵱頭邊仲識回屋！\n,		
      𫵱稍！冇記得帶錢。\n,		
      攤豬腳粉好食𫵱稍！\n,		
      關鍵時候隻𫵱屎又冇識走去邊啲嘹。\n,		
      得閒過來飲茶吹水。\n,		
      今晚邊人吹鐖去飲？\n,		
      條青瓜脆湒湒嘅，好食哦！\n,		
      隨邊食隨邊飲。\n,		
      隨邊食隨邊飲。\n,		
      今日打球𢿭到手乸頭。\n,		
      炒咩菜咁𣤶鼻？\n,		
      炒咩菜咁噈鼻？\n,		
      穿襯衫束裝顯得精神。\n,		
      速度回屋食飯。\n,		
      啲粽好重秤。\n,		
      隻書包重濌濌。\n,		
      你食嘢夠重口嘅！\n,		
      幫我捶捶背喂，冇要咁重手喔。\n,		
      份禮咁重手啊？\n,		
      我從細到大都係住在二馬路。\n,		
      再嘈就拉你去打靶。\n,		
      人哋兩公婆爭跤你又來打趁哄！\n,		
      天冷合適打甂爐。\n,		
      而今啲實習生一個個都以為自己好打得，實質上好多嘢都冇識。\n,		
      我今日打跌了一百文。\n,		
      荔枝開始打果了哇。\n,		
      打倒盆湯。\n,		
      捉條木打橫就放得落去啦！\n,		
      條鯉魚都差啲上鉤咯，又畀佢打走嘹。\n,		
      你捉隻相機打直影一張。\n,		
      佢肚大好多嘹，帶仔啦？\n,		
      我老婆在屋己帶仔。\n,		
      錢我就大把。\n,		
      大宗，大規模；②出大事故:飲酒開車捱捉到就大單。\n,		
      感冒冇食藥，留佢拖落去就大件事了哇！\n,		
      噉子冇死都算大命。\n,		
      我從來都沒見過咁大粒嘅珍珠。\n,		
      你咁大使，幾多錢正夠養你？\n,		
      開車撞到人，真係好大鑊！\n,		
      滿月酒都搞咁大陣仗啊？\n,		
      大種番薯。\n,		
      擔擔去提親。\n,		
      面試陣時要憺定尐。\n,		
      單單飲糖水都飲了一百文。\n,		
      高手打單張。\n,		
      冇單止你想去，大家都想。\n,		
      摩托車搭客。\n,		
      佢冇答歃我。\n,		
      佢份人冇咩答歃。\n,		
      真係冇抵得你一分鐘哦！\n,		
      你台手機咁抵寶啊？食飯都要搬到。\n,		
      身濕齊嘹，抵力死哦。\n,		
      條衫買得抵值。\n,		
      我都係抵諗食一口。\n,		
      台菜正三百文都好抵食。\n,		
      五十文得條衫，抵死咯！\n,		
      第二次記得小心尐。\n,		
      今日冇得閒，第二日正講。\n,		
      佢就係得把口哦，乜都冇識做。\n,		
      贏一盤咡，冇使你咁得戚。\n,		
      加入我哋志願者係冇得錢噶哇，你諗好喔。\n,		
      噉子發燒落去冇得扂喔，要快啲去睇醫生正得。\n,		
      佢今晚唱首歌得分喎！\n,		
      我一直冇得閒過！\n,		
      隻妹妹仔真係得意哦！\n,		
      前頭你追嗰隻妹仔，得米未？\n,		
      佢而今做嗰行嘢得食喔。\n,		
      噉子落去仲得妥？\n,		
      片面追求GDP增速嘅發展模式係冇得耐噶。\n,		
      我特聽冇講畀佢聽。\n,		
      啲雪梨髧𦻀𦻀，睇起身就似想壞噉子。\n,		
      我撴你蝦籠！又輸！\n,		
      我等陣就到。\n,		
      等定美元升值。\n,		
      快啲還錢喎，等使啊！\n,		
      等間你就識錯！\n,		
      去探年要買尐嘢等手。\n,		
      戥秤肉。\n,		
      落雨溚渧。\n,		
      食飽晚去䂿骨。\n,		
      食飽晚去𢱕骨。\n,		
      佢突然間沖出來。\n,		
      倒水落糞坑。\n,		
      倒水落鑊去煲湯。\n,		
      等大家都到位了就開始開會。\n,		
      落雨開車冇開咁快喂，好驚到死。\n,		
      隻後媽好鬥毒。\n,		
      快啲去炓火煮飯。\n,		
      冇嘈！𨴗𨴗聽佢講！\n,		
      佢太有勢力嘹，打了你你都要𨴗𨴗抵。\n,		
      做乜大家都𨴗闟闟，冇講嘢噶？\n,		
      地底有一文錢。\n,		
      在人哋地頭上要低調尐。\n,		
      隻妹仔夠滴惜哦。\n,		
      豬肉點賣？\n,		
      今日啲題我全部都識做，扂過坴蔗！\n,		
      我好心幫佢，佢顛倒誣賴我。\n,		
      你冇跟幫嘢癲癲廢廢！\n,		
      佢成日同佢公仔頂頸。\n,		
      我冇頂得順嘹。\n,		
      落雨咁大，雨遮邊啲頂使噶？\n,		
      明識冇夠打都要頂硬上。\n,		
      我頂你個肺！\n,		
      徛定定。\n,		
      輸定局。\n,		
      飲多兩杯佢冇定𣔻了咩！\n,		
      畀一碟仔豉油我。\n,		
      昨日坐單車跌穿頭。\n,		
      條衫跌落樓嘹。\n,		
      你留塊地丟荒不如栽尐菜。\n,		
      一世人冇咁丟架過。\n,		
      你冇要在啲丟醜人啦。\n,		
      昨晚又着我老豆屌搉。\n,		
      條褲吊𣔻𣔻到。\n,		
      昨日有隻學生吊頸死嘹。\n,		
      你講間大排檔咁吊腳，應該都冇咩生意哦！\n,		
      約了佢幾次佢都係講睇睇過正，夠吊屎噶！\n,		
      去親醫院醫生都要我吊針。\n,		
      調轉車頭。\n,		
      都怪我太多口。\n,		
      你咁多餘理啲事做咩？\n,		
      隻阿伯好多事！\n,		
      你隻嘢真係夠多錙縶哦！\n,		
      多嘴喂！識錯未。\n,		
      多數全，少數份，全份！\n,		
      走落樹底躲蔭。\n,		
      有棟屋垛定在啲，你驚咩囉？\n,		
      度身定做。\n,		
      捉隻仔當金當寶來養。\n,		
      昨晚劈酒着佢㨃冧嘹。\n,		
      㞘底仲有尐水。\n,		
      我識係邊人𧰵水一定做死佢！\n,		
      我成日着人哋𧰵背脊。\n,		
      䐁底仲有尐水。\n,		
      一隻班咁多人，做咩老師獨獨罰你？\n,		
      做人冇要花假。\n,		
      隻花撩婆！\n,		
      本書着佢畫得花哩睩到。\n,		
      條衫花花睩睩。\n,		
      冇使你搞咁多花腎。\n,		
      化閪！又輸！\n,		
      佢辦事好快脆。\n,		
      春運搶票要快手。\n,		
      劉義打番鬼，越打越好睇。\n,		
      隻嘢撞到人家冇賠錢仲在啲鬧人，夠番蠻嘅！\n,		
      今晚翻北風。\n,		
      你捉啲嘢耖得翻翻仆仆又冇執拾好。\n,	1	
      幫我調翻轉張沙發喂。\n,		
      錯過了就冇得返轉頭。\n,		
      佢走去惹人家，結果捱人哋打返轉頭。\n,		
      隻嘢真係夠反骨！竟然幫外頭人打自己人。\n,		
      再唱我我就反面！\n,		
      冇得閒同你販話。\n,		
      佢噉子做法梗係犯衆憎啦！\n,		
      公狗發春。\n,		
      你隻發大瘟一日到黑就識去摸麻將！\n,		
      啱做齊手術冇得食豆類噶，肯發毒講。\n,		
      隻娘媽真係發姣，係隻公嘅佢都會撩。\n,		
      冇買玩具畀佢佢就發爛𧨊。\n,		
      食豬腳食到發痧瀨屎。\n,		
      三年冇發市，發市食三年。\n,		
      三年冇發市，發市食三年。\n,		
      人哋講食多番桃會發屎窒。\n,		
      講佢兩句佢就發性嘹。\n,		
      你幾時需要我分分鐘趕過去。\n,		
      你冇使咁紛囂，一陣間跌到。\n,		
      三月冷死紛囂乸。\n,		
      條粉腸冇識揾到路。\n,		
      條街特別多粉仔。\n,		
      你隻糞箕幾時正做得齊份嘢？\n,		
      手機跌落糞坑嘹。\n,		
      我冇忿輸！\n,		
      噉子就放棄，我冇忿得。\n,		
      借借火鐖畀我點煙喂。\n,		
      我頭先真係好火爆，佢居然敢打我！\n,		
      雷公火索。\n,		
      睇到佢冇生性嘅樣子，真係火炠哦！\n,		
      今晚又着人家放飛機嘹。\n,		
      買咁多台手機留來放閒咩！\n,		
      老婆冇在屋，今晚得放爛飲了囉？\n,		
      佢考了幾次都冇考得上，跟尾就放爛嘹。\n,		
      落課一齊去放水冇？\n,		
      佢放水畀我贏。\n,		
      冇有人撐腰，佢冇可能咁放趪。\n,		
      你放膽猜，輸了我飲！\n,		
      碟青菜苦澀噶！\n,		
      改褲腳。\n,		
      跳來跳去褲甩甩。\n,		
      褲𧟘穿竉。\n,		
      你穿幾多褲頭？\n,		
      你搞咩符法？\n,		
      做咩搞得張台糊之麻溏到？\n,		
      你隻髮型咁風𢝵嗱！\n,		
      隻嘢咁風氣，遲早捱人打一身。\n,		
      我扇了佢一風殟。\n,		
      逢親想出去耍都落雨。\n,		
      去飲酒逢親都見你噶？\n,		
      今日中獎晚黑要加菜。\n,		
      你咁多家紗幾時正搬得齊？\n,		
      我假假都算在欽州街有頭有面。\n,		
      做咩部電影啲人打格仔噶？\n,		
      我過去隔交仲捱打了一捶。\n,		
      飲茶會隔藥。\n,		
      大家佮錢做生意。\n,		
      我跟佢都佮得。\n,		
      佮份做生意。\n,		
      佮夥做生意。\n,		
      佮起身得百零文。\n,		
      明明都交帶過你了仲係冇記得！\n,		
      攤豬腳粉好食交關。\n,		
      隻娘媽夠交關哦！\n,		
      冇好意思哦又來搞吵你。\n,		
      你隻任務搞扂未？\n,		
      佢哋通日來嗰啲搞檔。\n,		
      冇要在我地頭搞嘢。\n,		
      早知如此都冇至於搞到傾家蕩產。\n,		
      幫我搞直單嘢。\n,		
      你冇成日來攪吵我！\n,		
      冇要你來啲攪屎棍！\n,		
      佢在二中教書。\n,		
      你寫啲雞腸文我冇識睇得直。\n,		
      你間屋一當雞竇噉。\n,		
      我講白話，佢講英語，真係雞同鴨講！\n,		
      啲細數就冇計帶啦！\n,		
      冇得噉子做嘅哇！\n,		
      睡覺之前記得禁鐖。\n,		
      佢老婆跟老契嘹。\n,	1	
      凡事預多尐時間，冇要咁緊火。\n,		
      啲嘢未熟透，冇使咁緊喉。\n,		
      你幫我𥄫實佢。\n,		
      我惹到佢發吉憂嘹。\n,		
      小心啲草㓤手。\n,		
      佢雖然生得高懬懬到，但係打籃球就一般般。\n,		
      佢好㞗屎噶！你冇咁容易追得到哦！\n,		
      九世都冇想再見到佢。\n,		
      一碗飯夠飽冇？\n,		
      一張票耍了一晚，夠本哦！\n,		
      今日畀你食夠餐去。\n,		
      嗰兩隻嘢真係夠擔哦，都係咁爛耍嘅！\n,		
      今晚未飲夠喉。\n,		
      隻嘢真係夠格哦，跟佢講話都冇理人噶。\n,		
      啲湯夠味啦。\n,		
      昨晚冇睡得夠眼。\n,		
      今日打球打得夠皮哦！\n,		
      夠鍾落班。\n,		
      今日耍夠癮未？\n,		
      上臺冇要驚醜。\n,		
      驚死人家冇還錢佢。\n,		
      年輕人做事冇要驚驚縮縮。\n,		
      你有幾多錢？\n,		
      幾何正得出來耍一次，想食就食。\n,		
      我哋幾耐冇見過面嘹。\n,		
      幾早都喊你冇要噉子做。\n,		
      佢搞得我真係好㥛氣。\n,		
      落咁大雨，兼之路又冇好走。\n,		
      噉子嘅事都做得出來，你一終冇見醜噶？\n,		
      而家物價貴，一百文都冇見使。\n,		
      隻入球真係勁抽哦！\n,		
      今年國慶我有五場結婚酒要飲。\n,		
      昨晚最後係邊人結數？\n,		
      嗰嘴爽哦！\n,		
      餓到腳𢲜齊。\n,		
      人家啲腳力幾好驚，你同點比？\n,		
      乾撈粉。\n,		
      講大話鼻公會變長。\n,		
      啱講落口就冇記得嘹。\n,		
      你份人講冇聽噶！\n,		
      前幾日跟人家槓腳，宜家未行得路。\n,		
      十文都冇捨得出，使咁孤寒冇？\n,		
      做啲工夠攰人嘅！\n,		
      件事已經焗硬係噉嘹。\n,		
      我公仔催我快啲結婚。\n,		
      隻公仔好得意！\n,		
      關致門窗。\n,		
      你跌到頭關事冇？\n,		
      成日遲到，真係慣勢！\n,		
      啲藥特別刮肚噶。\n,		
      隻龜仔真係難教！\n,		
      你隻鬼打又冇記得帶錢！\n,		
      隻鬼仔幾得意哦！\n,		
      隻人骨枝大。\n,		
      𡲬尾狗。\n,		
      一槍打過背。\n,		
      荔枝過春咯！\n,		
      你冇早尐來，早時都過風咯。\n,		
      一到過年過節嗰橛路就塞車。\n,		
      青菜要先過水。\n,		
      公共汽車過趟嘹。\n,		
      啲菜鹹過頭嘹。\n,		
      啲木薯太老嘹，冇識幾𩰶口。\n,		
      一懈手就容易打跌嘢。\n,		
      𧿔冇𧿔就喊打喊殺。\n,		
      條衫喊價五百。\n,		
      佢喊做王小明。\n,		
      鹹濕佬。\n,		
      你教你仔講啲鹹淡水普通話，不如先教識佢白話。\n,		
      日日瓜皮送粥都係為了慳錢。\n,		
      買台洗碗機慳力好多。\n,		
      閒時嗰啲仲係一片荒山。\n,		
      閒先見佢仲冇而今咁瘦。\n,		
      冇做工跟啲傾閒偈。\n,		
      走行開啦！\n,		
      行路去學校。\n,		
      佢細時數學冇學得好，所以經常敲數都敲錯。\n,		
      願賭服輸，冇得閪面噶！\n,		
      嗰攤豬腳粉好食得閪魂失。\n,		
      佢係都要出去耍。\n,		
      冬天天黑得快，未到五點鐘就黑𣋟地遢嘹。\n,		
      佢唅唅聲衝來嘹。\n,	1	
      幫爛仔冚唪唥着捉齊。\n,		
      我冇肯得過佢。\n,		
      在學校冇得𧬈人嘅哇！\n,		
      隻嘢跟邊人講話都係𧬈㗧𧬈㗧到。\n,		
      嗰條衫同條褲冇乜合戥。\n,		
      好彩冇買檔股票！\n,		
      食了藥好抵尐未？\n,		
      老闆咁好講，冇可能冇准你請假呢。\n,		
      你自己份工都未做齊，好講我！\n,		
      事實如此，佢仲好講佢冇偷偷去過網吧。\n,		
      好鬼核突。\n,		
      我想去旅遊，好過老闆冇批假。\n,		
      隻阿伯幾好傾。\n,		
      你哋傾緊乜嘢啊？咁好傾。\n,		
      捉最好賣嘅書擺在前面。\n,		
      佢好諗佢會中碼。\n,		
      好耐冇食過豬腳粉嘹。\n,		
      你去過咁多地方，邊啲最好耍？\n,		
      細佬哥犯錯，要好聲好氣同佢講。\n,		
      今日咁好市？咁快賣齊嘹。\n,		
      欽州豬腳粉，食過嘅人都講好食。\n,		
      好心有好報。\n,		
      落雨天冇識幾好睡。\n,		
      我想去旅遊，好之老闆冇批假。\n,		
      笑得口開擘擘到。\n,		
      執人家口水尾。\n,		
      屋後背。\n,		
      後背生了一隻𦢊。\n,		
      昨晚後背邊人埋單？\n,		
      有人認為冇有後靠好難升職。\n,		
      我徛在佢後尾。\n,		
      後尾邊隻球隊贏了？\n,		
      外頭咁嘈，唏唏唅唅到，冇識搞乜。\n,		
      過敏周身起𦢊。\n,		
      嘴唇起瘭。\n,		
      捉兩張台拼起身。\n,		
      你放假食咁多嘢，過兩日肯定又肥起身。\n,		
      佢去埞啦，不如你下次再來揾佢囉。\n,		
      頭先架車爭五公分就撞到我嘹，真係險過剃頭！\n,		
      嫌命長你就飲酒開車！\n,		
      仲敢出來獻世？\n,		
      對啲嘢冇乜興稱。\n,		
      佢街邊執到一角子，興滴滴到，走去買糖膠食咯。\n,		
      食太多香口嘢會肥噶！\n,		
      一屋人一齊向火好溫馨。\n,		
      未先開估，我猜多一次！\n,		
      今晚開局喎！\n,		
      今晚白沙街又有兩隊人開劈。\n,		
      佢講啲鬼故事害得我驚死嘹。\n,		
      佢昨晚飲醉冇識回屋，害到我都捱佢媽仔鬧。\n,		
      看衰人。\n,		
      臭汗酸。\n,		
      過來炕火等手暖。\n,		
      隻嘢哭輸噶，冇耍得落去了！\n,		
      望見你哭浽浽到嗰次就原諒你啦。\n,		
      空口食菜。\n,		
      年卅晚街上到處空寥寥。\n,		
      空手喇寥去尋人幾難意，起碼買尐水果去啦。\n,		
      我二十幾秋了仲係紅花仔。\n,		
      我得了紅眼貓，冇要近我！\n,		
      天花板湆水。\n,		
      又打跌錢真係好陰功！\n,		
      佢借因惹講，今日有事冇去。\n,		
      半晚三更仲要出去摸麻將，真係癮過拜堂！\n,		
      啲果隻隻都係咁大，好勻巡。\n,		
      你成日都熠眼係冇係眼冇舒服？\n,		
      講了咁多次都冇入腦。\n,		
      佢喊破喉嚨都冇有人入理佢。\n,		
      一幫啷人沖落來。\n,		
      一次過捉啲年貨買齊去。\n,		
      科目二一次過。\n,		
      一堆壘嘢等到我去做。\n,		
      佢係欽州乒乓球一哥。\n,		
      一個兩個都冇成氣候。\n,		
      一於做齊工正食晚嘹。\n,		
      一世界人。\n,		
      年底一世界工做。\n,		
      一世人就結一次婚。\n,		
      自己一支公去睇電影。\n,		
      小心啲啊！你一失手大家就一鑊熟嘹。\n,		
      準備遲到嘹，佢一𩗴風沖去學校。\n,		
      明日有得你痛。\n,		
      佢份人點樣大家都有眼睇。\n,		
      有排未輪到我。\n,		
      大家一齊有伴去食飯。\n,		
      佢既然中意噉就由佢喟。\n,	1	
      去冇去由在你哦。\n,		
      由得佢。\n,		
      冇要食咁多油膉膉嘅嘢。\n,		
      佢成日都咿咿呦呦嘅，一尐都冇似領導。\n,		
      新年食生菜，係為了好意頭。\n,		
      你講嘅亦都係隻辦法。\n,		
      佢家婆媽好㤿尖，所以佢覺得好壓抑。\n,		
      好多泥頭車開跟啲過，搞得到處都煙駸駸。\n,		
      佢應誠敢來。\n,		
      應承了人哋就要做到。\n,		
      隻門關起身應聲韸韸到。\n,		
      昨日打球撞到膝頭，而今掂到仲有尐應痛。\n,		
      一到星期六晚幫夥計就邀邀恿恿去飲。\n,		
      佢傷得冇識幾要緊。\n,		
      隻嘢冇識幾要緊，一尐仔事就鬧人。\n,		
      張錢着洗得融融爛爛。\n,		
      明識係錯嘅，但佢臤定要噉子做。\n,		
      你隻契弟又想眲我。\n,		
      部手機禁使哦，使了三年仲好快。\n,		
      啲嘢禁食，幾十文一包，一下子就食齊嘹。\n,		
      佢第一眼望落去冇算好靚仔，但越睇越禁睇。\n,		
      條衫禁新哦！穿了十幾年都冇甩色。\n,		
      捉啲垃圾掃近堆去。\n,		
      我見過最劥飲嘅人就係佢哦。\n,		
      要幾劥食正食得落七碗糖水？\n,		
      我仔好劥搡。\n,		
      冇要捉被扱過頭。\n,		
      喊你穿多尐衫你冇穿，而今咳𠸏𠸏識錯未？\n,		
      求祈食一餐得啦。\n,		
      做人做事冇得咁求祈。\n,		
      我哋啲𡲢哩啡邊得去參加啲高級會議。\n,		
      棟樓真係起得好奇離。\n,		
      你龜仔夠㰰屎嘅哇！有嘢冇分尐畀我食！\n,		
      酸藠頭。\n,		
      昨日仲見佢徛篤篤在啲。\n,		
      去佢啲耍。\n,		
      佢啲水準我早都識啦！\n,		
      去東風市場你要對半傾價。\n,		
      上課陣時冇得傾偈。\n,		
      今晚揾老闆傾數。\n,		
      單生意終於傾妥嘹。\n,		
      傾扂條件。\n,		
      盤扣肉放了一晚凝油嘹。\n,		
      炣燒粉。\n,		
      你擱定杯酒在枱啲正。\n,		
      我冇覺意佢就走行開嘹。\n,		
      佢昨晚飲醉曲友嘹。\n,		
      擓丟隻膠紙袋。\n,		
      碗粉咁難食，虧難你食得齊。\n,		
      捱條木纊跌。\n,		
      聽講你哋星期六去燒烤？我又想拉衫尾。\n,		
      孻尾佢冇去到唱K。\n,		
      佢排在佢哋班最孻尾。\n,		
      前面有堆簕菶厏，要小心行。\n,		
      種魚特別多簕絲，食嘅時候要小心。\n,		
      快啲丟了你堆爛唗嘢。\n,		
      我細時候好爛哭。\n,		
      隻龜仔開車夠爛命噶！\n,		
      反正我爛命一條，我驚邊人？\n,		
      佢而今變得好爛飲。\n,		
      昨晚冇小心捱冷到嘹。\n,		
      捉啲垃雜嘢全部清理乾淨。\n,		
      手機響立亂。\n,		
      佢飲燒酒太辣命，飲落醫院嘹。\n,		
      禮拜一。\n,		
      佢講話有啲㪐㩿。\n,		
      佢連輸二十幾杯冧莊嘹。\n,		
      佢飲醉酒後行路遴遴迍迍到。\n,		
      論年長都冇見過你。\n,		
      論時冇記得帶錢。\n,		
      啲小朋友好論盡。\n,		
      食太快容易圇頸。\n,		
      成日綾綾繒繒冇似樣！\n,		
      單車甩鏈。\n,		
      嗰咀嘢傷得要緊，甩皮甩骨。\n,		
      佢哋隊接棒嗰陣時甩手嘹。\n,		
      你再檢查一次，睇睇仲有乜甩漏。\n,		
      而家開緊會，難甩身。\n,		
      你真係冇事摟事理。\n,		
      橛柱着白蟻鏤空嘹。\n,		
      我始終認為老版《西遊記》最經典。\n,		
      老火靚湯。\n,		
      做咩昨晚正開始做，搞得咁老火。\n,		
      我老嘢退休嘹。\n,		
      幾隻老兒公去睇電影，膩冇？\n,		
      幾年冇見，佢老皺齊嘹。\n,		
      你䊆老鼠仔都大喎！\n,		
      留到啲舊衫褲，到時候捐畀慈善機構。\n,		
      佢骨折留醫了一隻月。\n,		
      留佢自生自滅嘹。\n,		
      流宗貨。\n,		
      我份人咧啡慣了冇正經得起身。\n,		
      輸了就在啲轥地。\n,		
      食嶺頭。\n,		
      瘦㱥殑。\n,		
      原來你咁叻身嗱！\n,		
      啲老鼠仔蜎唆唆到。\n,		
      借部車畀我練手喴！\n,		
      你冇聽佢在啲亂𠲺！\n,		
      亂之講。\n,		
      佢份人好靈醒，你放心派佢去。\n,		
      打零工。\n,		
      我另開一堂課又要考試。\n,		
      蘿蔔尾炒車螺。\n,		
      你着咩邏由幫佢呢？\n,		
      我哋兩家係最好嘅朋友。\n,		
      佢額頭亮哐哐到，今年可能要行大運咯。\n,		
      坐在樹根底涼風。\n,		
      我係欽州人來噶。\n,		
      咁熝嘅飯你都食得落頸？\n,		
      難極都要做落去。\n,		
      生意越來越落鑗嘹。\n,		
      佢好落力讀書。\n,		
      你三十幾歲未有女朋友幾時正得落着？\n,		
      晾凐嗰杯水去。\n,		
      定尐，慢慢來，冇使咁狼扛。\n,	1	
      有咩發財好路數？\n,		
      你轠唅唅到要趕去邊啲？\n,		
      排骨要先熝水正炒。\n,		
      在森林裡頭行竉路。\n,		
      竉心磚。\n,		
      你做事儱偅嘅毛病幾時正改得了？\n,		
      昨晚夠麻虛哦，差尐撞車！\n,		
      你幫麻甩佬又在啲偷睇妹仔。\n,		
      冇要在啲賣獻世啦。\n,		
      你擘大對眼睇清楚。\n,		
      擘開嘴唞氣。\n,		
      件事幾容易,一當挽地游水！\n,		
      你冇猛之在啲哭得冇？\n,		
      老嘢講盲春冇啱結婚。\n,		
      佢搞出咁多事，最後又係我幫佢抹屎胐。\n,		
      隻花瓶捱扻砞角嘹。\n,		
      刷牙刷太猛搞到砞牙嘹。\n,		
      明日考試，今晚要劘書。\n,		
      掰開隻柑果。\n,		
      花生要掰殼食。\n,		
      芒果要掰皮食。\n,		
      隻哥仔嘜頭正哦！\n,		
      幫我掹緪條索去。\n,		
      我冇想聽你仲密到講。\n,		
      佢密之在啲講。\n,		
      隻嘢夠髦風哦！日日開台寶馬來上班。\n,		
      我在北京冇挨冇憑。\n,		
      冇單止市區，連鄉鎮啲人都出來睇園博園。\n,		
      我真係冇抵得你一分鐘！\n,		
      啲天時冇開空調真係冇頂得順。\n,		
      佢今日有啲冇對調，居然提前一隻鐘到辦公室。\n,		
      我冇忿得就噉子退出。\n,		
      我冇理你住幾遠都好，都要按時上班。\n,		
      昨晚爭交之後佢就冇理我嘹。\n,		
      你自己嘅任務就噉子丟在啲冇理冇晾到，係咩意思？\n,		
      中國隊踢啲嘢真係冇眼睇！\n,		
      貴咁多你都買，你冇數算噶？\n,		
      我冇睇得過眼就過去幫手。\n,		
      而今冇時冇候你食咩飯？\n,		
      佢噉子做法冇對書。\n,		
      領導又想喊我孭鑊。\n,		
      你都歪斜齊咯，仲行得回屋冇？\n,		
      考試𠍁𠍁得過線。\n,		
      我覺得件事有啲𠍁峻。\n,		
      你寫啲貓爪我冇識睇得直。\n,		
      未未𪐀青得一半路哦！\n,		
      佢想炒股發財講，未死過。\n,		
      你未先落單正，等老闆回來正講。\n,		
      未曾時就諗到放假嘹。\n,		
      你為乜見到我就面䒐䒐。\n,		
      有咩就明講。\n,		
      明識係眲人嘅仲要去。\n,		
      等我明朝有錢了一定要起一棟大屋。\n,		
      望到對面座山未？\n,		
      你望到好似冇咩開心。\n,		
      等我舞直條數去。\n,		
      無𪐀𪐀少了一隻人。\n,		
      佢睇起身好木獨，但係讀書好叻。\n,		
      你一當木橛噉！\n,		
      老懵懂。\n,		
      我嘅專業跟份工冇𪐀邊。\n,		
      飯未𪐀青得熟。\n,		
      單嘢同我完全冇𪐀褦。\n,		
      佢一日到黑冇𪐀屋。\n,		
      嗱嗱聲清數。\n,		
      件衫係男裝一係女裝？\n,		
      食了隻霜淇淋落去肚好難抵。\n,		
      我隻牛仔夠難教噶！\n,		
      隻老闆娘夠難講嘅！\n,		
      今晚難講邊人贏喎。\n,		
      成日問你借錢真係好難意。\n,		
      難為你幫我頂班嘹。\n,		
      辭冇辭職呢？真係難諗哦！\n,		
      難做哦！我隻仔日日在屋打遊戲。\n,		
      考試冇及格，捱老豆鬧到七彩。\n,		
      刮膩子。\n,		
      泥水佬。\n,		
      咁𰑳糯幾時正出得屋？\n,		
      單生意好似都冇咩諗頭。\n,		
      你有咩諗法就照直講。\n,		
      你諗準正答覆我。\n,		
      我到而家都未諗直佢係咩意思。\n,		
      回南天陣時啲被肯淰水。\n,		
      你咁牙䶪，小心捱打。\n,		
      你一笑我都見到牙齒屎咯！\n,		
      昨晚單嘢真係牙齞哦，差啲捱打死！\n,		
      隻嘢牙齴齴到好驚死。\n,		
      笑得牙齴齒露到。 。\n,		
      佢份人好𧧝𧨊，乜着數都想攞齊去。\n,		
      做得多反而捱講得多。\n,		
      而今龍眼正啱春。\n,		
      嗰條衫褲冇啱穿。\n,		
      我同佢好啱傾。\n,		
      件衫好啱心水。\n,		
      啱先我仲見到佢。\n,		
      我啱想出去。\n,		
      新年大頭，冇得講啲冇啱聽嘅嘢。\n,		
      考試時眼大望過界，冇記得寫第一題。\n,		
      你自冇自眼𢜴𢜴我做咩！\n,		
      咁細都睇得到，你真係眼利！\n,		
      眼淚水滮滮噉出。\n,	1	
      眼望望冇識幾時正得食晚。\n,		
      佢眼熱我生得靚仔。\n,		
      人未老就開始眼𥇲嘹。\n,		
      眼水冇好。\n,		
      眼𥍒𥍒望到佢。\n,		
      做咩眼腫腫到，啱哭過啊？\n,		
      佢太硬頸，所以大家冇願跟佢耍。\n,		
      我硬係覺得欽州好住過北京。\n,		
      對鞋噶鞋底硬𥕏𥕏到，一尐都冇好穿。\n,		
      對鞋噶鞋底硬𥕏𥕏到，一尐都冇好穿。\n,		
      你冇使跟啲𧬬諰，我冇想聽。\n,		
      你冇使跟啲噏諰，我冇想聽。\n,		
      去東風市場小心捱眲秤。\n,		
      一日到黑眲眲騙騙冇做過正經嘢。\n,		
      嗰攤嘢夠眲人！\n,		
      冇聽得識又一直在啲伌頭。\n,		
      阿公成日自己在啲吟吟沉沉。\n,		
      你冇𠲺得就𠲺，我可以告你誹謗！\n,		
      你冇噏得就噏，我可以告你誹謗！\n,		
      我隻牛仔冇識幾難教。\n,		
      餓㾭㾭嗰陣食乜都香。\n,		
      流鼻血了要昂頭。\n,		
      冇見過同你咁戇喪嘅人！\n,		
      女裝摩托車。\n,		
      回南天屋裡頭到處䵒𪞗𪞗。\n,		
      年三晚四，要小心防盜。\n,		
      冇識乜年世嘅事咯。\n,		
      隻妹仔嫩粒粒。\n,		
      咁嫩水就做到老總啦？\n,		
      上課要睇黑板，冇得通日擰轉頭跟同學傾偈。\n,		
      亂𠲺廿四。\n,		
      過敏周身起炠𦢊。\n,		
      啲芋頭炠口噶。\n,		
      等陣我就搋融你！\n,		
      下星期回村頭飲酒。\n,		
      水鬼沖都飲得。\n,		
      佢好飲得。\n,		
      一䊆水任夠你食豬腳粉啦！\n,		
      豆腐花十文任食。\n,		
      都要還隻人情俾人哋正得。\n,		
      人家驚醜啊！\n,		
      人仔細細就學人家拍拖。\n,		
      阿婆扔實實隻司機冇畀走。\n,		
      佢都韌皮哦，劏了幾次羊仲撐得落去。\n,		
      日晚加班。\n,		
      準備睇日子入新屋。\n,		
      佢片面仲皺過瓜皮。\n,		
      你冇論日怩怩忸忸。\n,		
      啲柳樹支軟掉掉到。\n,		
      張被好軟熟。\n,		
      今晚上來食餐飯順便認屋。\n,		
      牛巴好熱氣。\n,		
      食熱嘢容易生炸哥。\n,		
      月光升就肯大水。\n,		
      隻妹仔肉水幾好哦！\n,		
      大肚娘媽。\n,		
      耐耐去一次三娘灣。\n,		
      一腳搙死隻騷𫊷。\n,		
      青菜𪒬鑊嘹。\n,		
      昨晚冇識食錯咩今日密之屙肚。\n,		
      哦呵！你做咩冇去搶？\n,		
      哦呵！又冧莊！\n,		
      咩招都試齊嘹，佢仲係冇受我都冇惡得呢！\n,		
      人仔細細就咁劥安話。\n,		
      肥屍婠娺。\n,		
      你滿十八歲，就要承擔責任，怕講你未滿一𡃀。\n,		
      平閒時我冇想去睇電影，怕講週末呢就差冇多。\n,		
      今日掃屋，爬上爬落冇得停過。\n,		
      最佳拍檔。\n,		
      咳了咁耐要去醫院拍片睇睇。\n,		
      中學生冇得拍拖。\n,		
      我細時候最癮拍圖片哦。\n,		
      嗰條金包鐵㔙幾長，攞來浸酒補哦。\n,		
      過年陣時廣場有拋鴨。\n,		
      先拋車在啲去食飯。\n,		
      冇開噴渦啲魚肯死噶。\n,		
      別墅前面有隻噴渦仔。\n,		
      冇使咁頻蹸啊。\n,		
      嗰件事好頻蹸。\n,		
      你䠋開腳做咩？\n,		
      大花園啲有人劈友。\n,		
      嗰條街嘅違章商販冚唪唥都着抨走喇。\n,		
      去沙園市場執平嘢。\n,		
      你啲手指紕芿芿到，快啲搽護手霜。\n,		
      佢識個屁臭！\n,		
      屁屎！又想眲我！\n,		
      啱啱得平本。\n,		
      兩家平過。\n,		
      大家平排坐。\n,		
      我老豆成日都幫我剪平頭裝。\n,		
      昨晚落雨冇記得關窗，飄雨落來溹濕窗簾嘹。\n,		
      你睇佢鋪相幾囂張哦！\n,		
      望到你鋪版都飽咯！\n,		
      你就一日到黑孵定部電腦。\n,		
      棟樓雙鋪面。\n,		
      好耐冇見過你蒲頭嗱。\n,		
      落大池記得帶蒲水石。\n,		
      地太滑嘹，搞到我差尐仆街。\n,		
      我嗰次考試仆街嘹。\n,		
      你隻仆街仲敢來問我借錢？\n,		
      準備考試正識得拚命睇書。\n,		
      碰啱大減價，執到死魚。\n,		
      佢老乸出世陣時啱好碰到三年饑荒。\n,		
      幫爛仔都夠沙膽喎！\n,		
      隻妹仔太沙拉，冇啱結婚。\n,		
      識你沙屎多囉！\n,		
      冇識去邊啲耍就問佢哦，佢係耍家來噶！\n,		
      冇使跟我耍嘢。\n,		
      衫褲曬焦嘹。\n,		
      今日熱頭夠大哦！出去一陣仔捱曬𪒬嘹。\n,		
      冇使咁毒哇？山水有相逢噶！\n,		
      我每次去揾佢，佢屋己都閂門閉府。\n,		
      水池上了好多漦稠稠嘅青苔。\n,		
      佢冇肯結婚你生蠻逼佢都冇用噶！\n,		
      啲後生仔真係生猛。\n,		
      條魚仲生㿰㿰到。\n,		
      啲蘋果生㿰㿰。\n,		
      佢生成都係噉子噶。\n,		
      大隻仔嘹，要生性尐。\n,		
      生生捉人打死。\n,		
      今晚去酒吧殺貨。\n,		
      好食稍偈。\n,		
      大人講晚黑冇得哨風。\n,		
      開業大酬賓，食嘢冇使錢。\n,		
      把刀都使得。\n,		
      喊人家幫手冇得咩？使乜自己咁辛苦？\n,		
      升了價就冇有得降噶啦，使乜講！\n,		
      隻領導真係識使人。\n,		
      有權都冇使使盡檔哇？\n,		
      未到月底工資就使齊嘹。\n,		
      喊你洗次碗仲搞爛幾隻，真係使鬼不得力！\n,		
      駛牛耙田。\n,		
      昨晚元宵燈會世間多人噶哇！\n,		
      自己身有屎就冇講人家啦！\n,		
      你睇睇你副身屍，全部都係泥！\n,		
      順到條路開落去幾十米就見可以到停車場啦。\n,		
      順便:順手幫我遞支筆過來喂。\n,		
      嗰單嘢做得冇係幾順手。\n,		
      新年好，順陞發！\n,		
      一家五口去飲酒封一百文封包，都夠𢡉衰哦！\n,		
      回南天到處濕澈澈。\n,		
      欽州夏天好濕熱。\n,		
      你啲米粒瘡係濕熱引起噶。\n,		
      佢跟佢老豆似十足去。\n,		
      頭先褲鏈開了都冇識，真係好失禮！\n,		
      人哋在啲講話佢就一直低頭食嘢，好失禮。\n,		
      冇買得到咩菜，真係失禮哦。\n,		
      開價一百，實價二十。\n,		
      老師實識你裝病。\n,		
      準備落雨嘹，快啲收衫。\n,		
      等陣我就收拾你！\n,		
      座山咁高，一跌落去就收拾嘹。\n,		
      我冇想聽，收聲啦！\n,		
      開學嘹，要收心讀書嘹。\n,		
      今晚十一點收攤。\n,		
      間珠寶店早時冇收攤嘹咩？\n,	1	
      等我執齊啲手尾。\n,		
      手炠想打電子。\n,		
      今晚上我屋試試我啲手勢。\n,		
      聲沙到冇講得話出。\n,		
      昨晚輸𪒬煲嘹。\n,	1	
      到處講人家屎樚。\n,		
      搖色盅。\n,		
      嗰次識錯未？\n,		
      識崩你！冇得講啲衰嘢！\n,		
      識崩哦，又輸！\n,		
      面皮厚冇識醜。\n,		
      我識得佢噶。\n,		
      冇識埞同點去？\n,		
      我仔一歲就識行嘹。\n,	1	
      下低街你識行冇？\n,		
      識意尐，快啲去幫幫手！\n,		
      隻妹仔你識人冇？\n,		
      逼我出大招，識死未？\n,		
      我識準佢放我哋飛機噶呢！\n,		
      好彩你識精冇出九筒哦！\n,		
      啲菜放了一晚仲食得冇？\n,		
      間嘢都食得。\n,		
      佢好食得。\n,		
      隻生意佬食得鹹哦！\n,		
      難得去睇老公踢一次球居然就食球餅。\n,		
      見到落咁大雨都冇識收衫褲，你真係食嘥米！\n,		
      今年八月十五回屋食節咩？\n,		
      人哋請我明日去食嶺頭。\n,		
      啲豬腳碎碎冇成䊆嘅嗱！\n,		
      成日在啲講佢以前幾威風。\n,		
      成世人冇見你做得成過一件事！\n,		
      成身都係名牌。\n,		
      你去邊啲搞得成副身屍都邋遢齊？\n,		
      一隻人燒煙，搞得成間屋都烏煙瘴氣。\n,		
      飲燒酒。\n,		
      年初一晚二橋燒煙花。\n,		
      隻花瓶少少都值五十萬。\n,		
      食齊啲菜，冇要嘥壞。\n,		
      三八婆。\n,		
      三二兩下做齊啲工去。\n,		
      冇係大肚黃，係三畫王？\n,		
      兌散紙。\n,		
      間公司散檔嘹。\n,		
      喢𫵱！佢冇可能飲得五斤二鍋頭。\n,		
      我周身都撒架啦。\n,		
      捱臭屁蟲撒尿。\n,		
      佢突然走出來捉我嚇撒跳去。\n,		
      昨晚睡到一半撒醒嘹，好似聽到電話響。\n,		
      間屋西斜，晚黑熱死。\n,		
      佢打球好犀利。\n,		
      把嘴夠犀利。\n,		
      咁細婗一粒。\n,		
      大方尐，冇要咁細婗。\n,		
      隻細嘢跑得快哦！\n,		
      屋己細嘢仲等我回去煮晚食。\n,		
      我先搞掂隻細嘢，大嘢留畀你。\n,		
      電視開細聲尐。\n,		
      我細隻嘅時候都識背唐詩咯。\n,		
      我一噻眲冇記得帶鎖匙出來嘹。\n,		
      等噻日好天我哋去窯番薯。\n,		
      睇到隻蟲我都心翻。\n,		
      搞本字典要花好多心機。\n,		
      隻毛毛蟲睇到都心癬。\n,		
      冇成日心思思人哋啦。\n,		
      冇打你一身冇心松。\n,		
      今晚足彩有咩心水？\n,		
      條衫啱你心水冇？\n,		
      聽到指甲刮黑板嘅聲音我心蝡齊。\n,		
      我今日冇識做乜咁心蝡。\n,		
      佢咩都冇識做，真係心炠哦！\n,		
      新年大頭打跌部手機，衰哦！\n,		
      新年流流冇得講“死”字。\n,		
      件衫新簇簇嗱！\n,		
      冷得我𢲜㦅㦅。\n,		
      修悠尐，冇使狂。\n,		
      橛淮山順水噶。\n,		
      你做事冇思量後果噶嗱。\n,		
      車又死火。\n,		
      冇記得帶錢，死火！\n,		
      昨晚在江邊發現一隻死佬。\n,		
      你隻死佬除了識食仲識做咩？\n,		
      你講死冇死？考得四十幾分。\n,		
      嗰次行動捉了一大幫死蛇爛𧊅。\n,		
      四周圍去滾。\n,		
      隻儂仔生得都幾四正。\n,		
      你都仙家喎，噉都着你識！\n,	1	
      我冇中意食啲酸蔸蔸嘅嘢。\n,		
      檸檬酸微酸微好開胃。\n,		
      檸檬酸微酸微好開胃。\n,		
      快啲搞搞齊去算數啦！\n,		
      你冇識算數噶嗱！\n,		
      講話冇算數。\n,		
      我睇到有人跟我即刻醒䟄嘹。\n,		
      出到外頭醒水尐，冇要人家講乜你就信乜。\n,		
      睇電視就要食消口。\n,		
      痛得我搡嘍嘍到。\n,		
      講佢一句佢就搡踜踜到。\n,		
      啲蝦生猛哦，放落鑊去仲搡䟄䟄到。\n,		
      欽州街嘅公廁數量太少，好多時候尿出逼了都冇揾得到地方屙尿。\n,		
      快啲穿衫冇？等陣就縮汗！\n,		
      做事大膽尐，冇要縮手縮腳。\n,		
      儂仔人咁縮腮同點追得到妹仔？\n,		
      食雞髀送飯。\n,		
      觴鬼頭，糯米兜，食了三餐又去摟，摟到一橛甘蔗頭。\n,		
      機械表要通日上鍊。\n,		
      踩單車上坽好辛苦。\n,		
      上面係冇？打你你就識錯！\n,		
      鬼上身。\n,		
      上高落了指示。\n,		
      我尚下做齊作業啦。\n,		
      我中意食爽米粥。\n,		
      水道竉又塞嘹。\n,		
      臭水火油。\n,		
      隻水蟹邊可能打得贏我。\n,		
      落雨大，水浸街。\n,		
      今日睡過籠又遲到。\n,		
      回村頭咁多叔伯兄弟，有排飲哦！\n,		
      慢慢就熟手啦。\n,		
      貪平冇好嘢。\n,		
      細細隻就學人哋談婚啦？\n,		
      熱生熱死，都係去商場儃空調好尐。\n,		
      輸了彈㩧。\n,		
      補銻煲。\n,		
      我早幾都睇清光佢啦。\n,		
      隻妹仔都睇得。\n,		
      睇啱邊樣跟我講，我出錢。\n,		
      睇日子擺酒。\n,		
      睇衰人。\n,		
      中國足球仲有咩睇頭。\n,		
      對嗰件事你有乜睇法？\n,		
      𧽼𧽼轉，菊花園。\n,		
      啲細昆蟲要錔近影正影得真。\n,		
      偷雞入了一隻球。\n,		
      上班偷雞溜出來。\n,		
      打麻將偷雞。\n,		
      張相後背有隻細老哥在啲偷鏡頭。\n,		
      佢打麻將冇識幾癮偷鹹魚噶，我冇止一次見到佢換牌。\n,		
      佢老公成日出去偷食。\n,		
      佢上自修上到一半偷走嘹。\n,		
      咁細就偷偷攝攝，大了仲得了？\n,		
      未跑幾步就唞氣呵呵到。\n,		
      透雨回屋。\n,		
      頭殼疼。\n,		
      你食頭先，今晚我冇回去食晚嘹。\n,	1	
      頭先邊人揾我？\n,		
      爭頭遊。\n,		
      頭菜蒸豬肉。\n,		
      大家先食尐嘢墊底。\n,		
      好得朝早得食碗粥墊肚哦！\n,		
      細佬哥冇聽講。\n,		
      聽講你升官嘹。\n,		
      上高數課好似聽天書。\n,		
      上課冇聽書。\n,		
      添丁發財。\n,		
      添福添壽。\n,		
      食得多甜澈澈嘅嘢牙齒容易生蟲。\n,		
      冇識邊人天光八早就在外邊啲嘈。\n,		
      天氣預報講要過幾日正得天好。\n,		
      你寫啲嘢跟老師要求差天遠。\n,		
      外頭天冷地凍，你穿多尐衫喎。\n,		
      天時好。\n,		
      一到了夏至，狗肉就賣斷市。\n,		
      政府貼錢修條路。\n,		
      擺酒仲要貼錢？\n,		
      今日又打跌錢又捱刮花部車，真係衰到貼地！\n,		
      你咁挑挑揀揀，幾時正揾得到老公？\n,		
      你信冇信我拖友來收拾你？\n,		
      你隻廢柴仲識拖屍回屋食晚冇？\n,		
      人哋出隻五仔你打條煙，真係擡高米價！\n,	1	
      就佢鋪板都揾得到老婆？託𫵱！\n,		
      昨晚隻龜仔劏羊劏得一地都係。\n,		
      劏狗鋪一落雨就着浸。\n,		
      今晚去一馬路口食糖水。\n,		
      發肚屙。\n,		
      今晚食得太飽嘹，肚䂻哦。\n,		
      拜土地。\n,		
      條金魚在啲吐波。\n,		
      我都冇識通㗎講法好！\n,		
      通街都係蘋果手機。\n,		
      我通日都見到佢。\n,		
      我跟佢同班。\n,		
      你同點識得佢噶？\n,		
      同堂兄弟。\n,		
      我想買塊屋地。\n,		
      回屋己食飯。\n,		
      佢係話祖來噶！一日講到黑冇停過。\n,		
      食槐花。\n,		
      你冇使跟我玩嘢，我仲熟過你！\n,		
      張台擺得橫橫纊纊到。\n,		
      隻球啲配合幾滑𢫖哦！\n,		
      當年佢冇識幾威風，而今爭一身債走飛機嘹。\n,		
      哎呀！今晚穿身嘢媁出花去嗱！\n,		
      打扮得媁□□到去相親。\n,		
      嗰隻球媁水！\n,		
      你份計畫書寫得都幾媁滑！\n,		
      整好部嘢要伍佰文，冇為得過啦。\n,		
      跟尾商家又返現了二百文，為過台空調一千二哦。\n,		
      順色為零，唯色加一。\n,		
      我昨晚失眠，今日一日都殟殟沌沌。\n,		
      慢慢來，攞穩陣。\n,		
      搵食艱難。\n,		
      運力運到滿格就可以出大招。\n,		
      屋裡頭太鬱窒嘹，快啲開開窗！\n,		
      今日跟老闆爭交真係好鬱火！\n,		
      心翻加核突。\n,		
      “有女冇嫁黃坡𡰪，三餐番薯兩餐粥。\n,		
      睇黃嘢。\n,		
      黃六佬。\n,		
      條衫發烏膎嘹。\n,		
      回南天。\n,		
      前面封路，開回頭喂。\n,		
      等我回魂正飲過。\n,		
      佢十句有九句都係詐嘢。\n,		
      一講到還錢佢就詐癲扮懵。\n,		
      詐計冇識人。\n,		
      親戚畀紅包佢，佢詐意冇要。\n,		
      嗰隻動作根本冇犯規，明顯係佢詐死為了博點球。\n,		
      一面炸哥。\n,		
      快啲搬走你啲嘢，好厏埞。\n,		
      冇要食咁多厏肚嘅嘢。\n,		
      啲舊衫褲捚丟好可惜，不如捐畀慈善機構。\n,		
      今晚乜都冇食，齋飲。\n,		
      對鞋窄腳，搞到我腳出血。\n,		
      1.5賠率，好似冇咩賺頭。\n,		
      賺得摟事理。\n,		
      賺得兩文雞。\n,		
      兩公婆爭交好正常。\n,		
      最㛴啲人爭錢冇還。\n,		
      冇爭在嗰幾分鐘。\n,		
      佢笑得當煠熟狗頭噉。\n,		
      冇買燒鴨買煠鴨。\n,		
      冇記得喊老闆找數嘹。\n,	1	
      你之前應承了要請大家食飯，準備幾時找數？\n,		
      地面找平。\n,		
      找平收支。\n,		
      今晚食飯我罩數。\n,		
      兩仔爺。\n,		
      兩仔乸。\n,		
      我仔兒今年五歲嘹。\n,	1	
      隻仔兒嘜頭正喎！\n,		
      則嘜下要放幾多鹽。\n,		
      一日到黑𥍒定部電腦。\n,		
      准衹你得食我冇得食噶？\n,		
      風扇開到盡檔都仲係好熱。\n,		
      去到盡㞘都係噉子嘹。\n,		
      欽州城牆係抗戰嗰陣時拆除噶。\n,		
      佢踢球就識執鹹魚。\n,		
      間店執笠嘹。\n,		
      執衫包走人。\n,		
      執拾好房間。\n,		
      今晚連輸佢十一碼，未得執鞋。\n,		
      你每次惹事都要我幫你執手尾。\n,		
      又着佢執雞入一隻。\n,		
      佢哋挃之在啲笑。\n,		
      次次從屋己出發，媽媽都捉我隻行李箱挃實實去。\n,	1	
      周身冇舒服。\n,		
      你周圍揾揾睇。\n,		
      早幾都到嘹。\n,		
      走得快，好世界。\n,		
      佢爭人家一身債之後走飛機嘹。\n,		
      噉子都畀佢走甩雞？\n,		
      佢借錢陣時就已經諗定走數嘹。\n,		
      張凳好似有尐走趲。\n,		
      我都係就到我老婆。\n,		
      轉隻彎就到。\n,		
      間店店員服務態度冇識幾差，就當爭佢錢噉。\n,		
      間屋就快起好喇。\n,		
      就手幫遞本書過來喂。\n,		
      叉燒就得啦！得多幾分鐘。\n,		
      有兩文錢就想出去耍。\n,		
      黑桃煙有人要冇？冇有我借風喎！\n,		
      我隻幾月冇見過佢嘹。\n,		
      過多隻把星期再揾你。\n,		
      夠膽放學隻抽！\n,		
      隻隻都係人才。\n,		
      我見你真係夠多錙縶噶！一陣頭暈一陣肚又痛！\n,		
      一到晚黑條街支身冇開。\n,		
      老師在上高講，你哋就在下低吱吱𠽻𠽻。\n,		
      欽州豬腳粉，神仙也打滾。\n,		
      你冇使指意我幫手。\n,		
      我睇佢至多十五歲哦。\n,		
      佢一發工資就至誠使，到了月底一分紙都冇剩。\n,		
      冇志在得失。\n,		
      志在當官。\n,		
      未開飲就先自㨃？\n,		
      你對佢好，佢自不然會對你好。\n,		
      快啲自動自覺還錢人家。\n,		
      你自冇自打電話畀我做咩？\n,		
      嗰竇燕子住定在我屋嘹。\n,		
      你即管點，我埋單。\n,		
      蘇軾即係蘇東坡。\n,		
      每次iPhone出新品佢都係即時買落來。\n,		
      條路直不律到，冇識幾好行。\n,		
      闖紅燈直程係置自己生命安全于不顧嘅行為。\n,		
      放學了你就直頭直路回屋，冇要到處逛。\n,		
      你就專職讀書得啦，其他乜都冇使諗。\n,		
      遇到問題要識得轉變。\n,		
      直直開，到前面路口轉頭。\n,		
      生得又媁又精靈。\n,		
      你今日睇起身都幾精神嗱。\n,		
      整車佬。\n,		
      來幫手整菜。\n,		
      冇成日整蠱新人喴！\n,		
      我講嘅係正斗嘅欽州白話。\n,		
      正啱你來嘹，我有嘢同你講。\n,		
      佢正式係一隻流氓。\n,		
      我哋正正就係傾緊隻話題。\n,		
      靜心學習。\n,		
      身份證冇見嘹，折墮哦。\n,		
      隻荔枝係蕉核嗰。\n,		
      照計嗰次世界盃冠軍應該係中國。\n,		
      來我哋公司，你照舊做總經理。\n,		
      照睇中國隊都冇乜希望贏。\n,		
      冇要放台車在路中間阻埞。\n,		
      左軚車。\n,		
      佢都冇在乎你，你着乜邏由咁緊張佢？\n,		
      佢咁大隻人嘹，你使乜仲咁着緊？\n,		
      讀小學時成日捱人捉水蟹。\n,		
      你成日冇變手，有咩冇捱捉碼腳噶！\n,		
      佢好作賤，人家冇理佢仲死纏爛打。\n,		
      今日身裝頭亞蠻非主流喎。\n,		
      擦了梘要漴水。\n,		
      差尐遲到，撞彩見到有順風車。\n,		
      你感冒啱啱好，冇要徛在啲撞風。\n,		
      本身冇乜噶，一撞風就醉嘹。\n,		
      撞啱啲事，真係衰哦！\n,		
      買一送一，做得過喎。\n,		
      出去做工。\n,		
      做慣木工。\n,		
      佢係做海發財噶。\n,		
      放學兩家去做佢手腳。\n,		
      幫我做冧佢。\n,		
      做冧間店面。\n,		
      識做食。\n,		
      劏雞啲嘢我做熟做慣噶。\n,		
      而今做田冇得咩錢哦。\n,		
      你仔滿月做酒咩？\n,		
      你哥哥出去耍嘹，你冇追尾去咩？\n,		
      你𢳂碗飯咁椎頭伏髻做乜嘢？\n,		
      我嘴笨，講錯乜嘢冇要怪我。\n,		
      食嘴頭。\n,		
      講佢兩句佢就嘴嘟嘟。\n,		
      要食粥飯正得飽。\n,		
      我腳趾頭蹙血嘹。\n,		
      蹙力打佢一捶。\n,		
      我中意唱歌。\n,		
      燒雞翼，我鐘意食。\n,		
      排時好多人得紅眼病，我都中招嘹。\n,		
      晚晚出去蒲，小心中槍。\n,		
      我仲在啲食緊飯。\n,		
      我仲係細佬哥。\n,		
      錢要慳慳使使。\n,		
      你都冇識，我越發冇識哦！\n,		
      老同學仲收多我五十文，真係越熟越熝！\n,		
      佢都夠浪身哦！自己一隻妹仔敢走去敘利亞耍。\n,		
      髦心番薯。\n,		
      考得一次第一名就到處吹，真係髦心番薯！\n,		
      鬧佢佢仲要駁嘴。\n,		
      眲你我䂿𫵱噶！\n,		
      眲你我𢱕𫵱噶！\n,		
      你冇聽佢東安西安！\n,		
      佢放學後捱爛仔解走嘹。\n,		
      今晚夠腳開局冇？\n,		
      三條煙𡲬𡲬。\n,		
      我見欽州好住過好多大城市。\n,		
      捱佢眲了一次之後我都學精嘹。\n,		
      見者有份。\n,		
      我都有份捐錢噶。\n,		
      噉子打法打死人都有份。\n,		
      隻嘢爛耍死，邊啲讀得書噶！\n,		
      房間到處亂□□。\n,		
      嚕啲有咩耍？\n,		
      嚕啲書全部都係我嘅。\n,		
      帶咁多嘢做咩?累累贅贅！\n,		
      昨日搭車去小董半路捱賣豬仔。\n,		
      日晚加班，真係冇情願！\n,		
      我想食了晚出去行街。\n,		
      佢借錢冇還，捱人家追到屋㞘去。\n,		
      嗰種天無冷不熱，最容易感冒。\n,		
      喊佢做一尐工就喊生喊死。\n,		
      你係盲鱟哇！咁大隻字冇睇得到！\n,		
      日日都落雨，冇識幾時正得了期哦！\n,		
      佢好把炮，識咁多人！\n,		
      你咁差也噶咩？人人都考得九十幾分，你啱得八十分。\n,		
      我冇要嗰啲蒙古大夫睇病，叫佢哋畀牲口睇病去啦！\n,		
      食隻餅仔墊墊肚正。\n,		
      放學之後馬上回來，冇要戥人去耍。\n,		
      一把柴，借開。\n,		
      面皮薄。\n,		
      嗰蔸古樹打噶荔枝天下咁甜。\n,		
      嗰次你屎胐白哦！\n,		
      佢隻孫仔好痛哦。\n,		
      屙膿屁。\n,		
      佢中了五百萬之後，乜豬親狗戚到來尋佢。\n,		
      你娘媽人識咩？\n,		
      一條路行到㞘。\n,		
      你死了一橛噶？落雨咁大都冇識收衫褲。\n,		
      咁細就識翕妹仔啦？\n,		
      翕佢買嗰台手機。\n,		
      排時搞乜大生意？\n,		
      有人向對家通水。\n,		
      見到城管來，啲小販走飛風去。\n,	1	
      人家講佢係新興街姐頭。\n,		
      你隻豬頭丙！\n,		
      做乜要打我？\n,		
      你在啲做乜？\n,		
      食了咁多仲未得飽。\n,		
      一聽講有飲，即刻飛雲駕馬過去。\n,		
      我走嘹，你自己執生。\n,		
      隻公園執整過之後靚好多嘹。\n,		
      在屋執執整整，一隻週末好快就過嘹。\n,		
      飲了杯二鍋頭感覺有尐蜎肚。\n,		
      冇得擱腳上枱盤。\n,		
      水道捱塞實嘹。\n,		
      行路要望路。\n,		
      佢睡得當一隻彎弓蝦噉。\n,		
      佢口牙齒曲翹翹到。\n,		
      佢成日開會講啲雞屎藤又長又臭。\n,		
      街上車多人多，要掹實實媽媽手。\n,		
      幫我掹定佢，冇畀佢走。\n,		
      你張相影得朦碴碴到。\n,		
      佢老嘹，成日殟殟懵懵。\n,		
      想偷角講，結果出界嘹。\n,		
      佢日日死食爛饌，而今兩百幾斤咯！\n,		
      今晚宵晚去𢲈螺哇？\n,		
      做多幾次你就工多手熟噶喇！\n,		
      我太橫身嘹，穿衫冇好睇。\n,		
      食了晚就去擺夜市，搵得三多二少都好啊！\n,		
      冇跟你傾嘹，我要快啲回去煮晚畀屋己條化骨龍食。\n,		
      你未使咁快決定，問準正。\n,		
      跟你講了好多次飲了酒冇開車嘹，冇聽𫵱自！\n,		
      你結婚要使咁多錢，屋己人幫補一尐冇？\n,		
      佢夠大支嘅！講條街啲鋪面全部都係佢屋嘅。\n,		
      我仔喊一幫同學來屋己耍，搞得到處烏哩單刀到。\n,		
      生意冇上冇落，疏疏有幾隻客。\n,		
      份工做得冇上冇落到，未諗准以後要同點。\n,		
      我本身都冇想搞大件事噶，但佢做得實在太出面了！\n,		
      今日天氣預報講落大雨哇，你仲出攤冇？\n,		
      二馬路豬腳粉要晚黑正開攤噶。\n,		
      啲涼粉滑凍嘅，好食哦！\n,		
      昨晚食飯係邊人做開錢？\n,		
      你又冇早尐講，臨時臨急要我畀材料我去邊啲搵畀你？\n,		
      你係大佬，你做摣主意哦！\n,		
      一樣還一樣，我跟佢有私人恩怨冇代表我工作上會刁難佢。\n,		
      今日七夕，打算同點跟老婆過節？\n,		
      我跟佢有過節，佢去我就冇去喇。\n,		
      你啲把等我識齊喇！\n,		
      細時候肥朒朒冇關事噶！等大尐攤骨了就自不然瘦噶喇！\n,		
      件事擺明係你錯在先，你仲在啲撐硬頸。\n,		
      跟佢打三局有兩局食白粥，丟架哦！\n,		
      跟佢打三局有兩局食食白粥，丟架哦！\n,		
      一放學佢就衝唅唅去球場。\n,		
      細時候表哥成日帶我去打電子。\n,		
      回南天底褲冇得焦，今日衹好掛空檔嘹。\n,		
      輸光豬。\n,		
      昨晚輸光豬嘹，以後都冇賭嘹。\n,		
      幾多就幾多啦！冇使計論啲嘢。\n,		
      佢畀幾多就幾多啦，我都冇計在啲嘢。\n,		
      做乜成日咳欦欦到？要睇醫生正得哇！\n,		
      我去邊啲都得，攞啱你。\n,		
      佢飲歪嘹，冇畀佢再飲嘹。\n,		
      佢飲歪嘹，冇畀佢再飲嘹。\n,		
      全場十文三件，任揀。\n,		
      間大排檔抵哦！一百文啤酒任飲。\n,		
      山長水遠，邊人願去啲耍？\n,		
      佢真係一條十足十嘅廢柴。\n,		
      啲新糞坑一開始好多人搶到去，過一排就冇有人嘹。\n,	1	
      隻火鐖滑鐖嘹，冇打得着嘹。\n,		
      真實冇呃你噶！冇信你問佢。\n,		
      你直直行落去就到嘹。\n,		
      佢都冇在乎你，你着乜來由咁緊張佢？\n,		
      隻嘢貪老哦！我計佢六十幾歲了講，邊人識正四十零歲。\n,		
      二樓條欄河準備崩嘹。\n,		
      咁多人打21分太耐啦，打打沉船好耍尐。\n,		
      佢連續打沉船我哋三隻人。\n,		
      佢敢冇認數，我規定冇肯佢噶！\n,		
      講極佢都冇聽，我有乜法子？\n,		
      而今疫情咁嚴重，風頭火勢，你都係冇出去耍咁多哦！\n,		
      我借車畀佢去摳妹，仲幫佢洗淨車、加滿油、換座墊、噴香水，真係做媒包生仔。\n,		
      佢四十幾歲仲生隻晚仔，大仔都讀大學咯！\n,		
      燒烤要先潲油。\n,		
      你講啲嘢咁累堆，我都冇聽得直乜意思。\n,		
      佢肥了之後累堆了好多。\n,		
      夠累堆嘅！喊你幫洗碗又搞爛幾隻！\n,		
      老班人全部都聽過隻古仔噶！\n,		
      冇識佢乜情況，一回到屋就一肚廿四氣到。\n,		
      啲親親戚戚平時好少見面，都係大辦小事正聚聚。\n,		
      佢冇坐得定噶，有乜大辦小事都走去幫手。\n,		
      隻賊佬搶了人家錢，未走幾遠就捱車撞嘹，真係六月債，還得快。\n,		
      我在街上丁啱碰到佢。\n,		
      你冇想去，我仲發冇想啊！\n,		
      你仲喊窮，我愈發窮哦！\n,		
      落鄉搞扶貧。\n,		
      幾十年冇見你一尐都冇變噶！真係禁老哦！\n,		
      部手機禁𢴬哦，跌了幾十次，螢幕都冇爆。\n,		
      啲李子酸澀個。\n,		
      佢阿公雖然九十幾歲嘹，但睇起身仲能□□到。\n,		
      㓥雞陣時啲濕濕腎腎冇要丟，攞來炒芹菜蒜最好食哦。\n,	1	1
      佢使白板我都冇打得贏佢。\n,		
      昨晚食了晚我仲淋到水，一晚天光啲菜捱人家偷齊嘹。\n,		
      一碼過清齊啲酒。\n,		
      見二半杯。\n,		
      耐冇跟你飲過嘹，猜一年啊嗱！\n,		
      猜一年太多嘹，猜半年得嘹。\n,		
      佢都力哦，車輪戰打了幾圈都未醉。\n,		
      大家未開始喐筷，佢自己就在啲搛食搛食到。\n,		
      出人見眾，要注意妝整。\n,		
      小明你頸長長到做乜？想偷睇人家試卷係冇？\n,		
      小明從細佮到啲流氓散仔，舊年因為偷嘢捱判刑嘹。\n,		
      中山子葉煮湯，清熱解毒。\n,		
      隻燉雞放了太多香料，反而奪味嘹。\n,		
      架車你啱心咩？\n,		
      你𥨐身咁早做乜？\n,	1	
      淩晨三點鐘爬𥨐身睇球。\n,	1	
      見到大車行遠尐。\n,		
      昨日冇記得帶遮，生淋回來，今日感冒嘹。\n,		
      眼見啲有隻坑你都要趻落去。\n,		
      你套屋噶裝修做好未？\n,		
      兩兄弟打死大交。\n,		
      菜啱啱上臺佢就搛𠯋搛𠯋，一當有人跟佢搶食噉。\n,		
      昨晚冇落蚊帳，捱蚊蟲咬熟去。\n,		
      幫佢顛倒捱佢鬧，真係冇抵理哦。\n,		
      好好撈佢講，佢咄唅唅到。\n,		
      啱啱食了藥冇要飲茶，解藥噶。\n,		
      食咁多凐笪笪噶嘢做乜？\n,		
      你去邊啲舞得汗流汁滴到。\n,		
      隻隻月都問攞咁多錢，你計我在外頭𢳂金啊？\n,		
      而家欽州到處都做得媁熠熠到。\n,		
      想靠詐嗲搏錯過關係冇有用噶。\n,		
      一癲你去搬磚！颱風就來了仲喊去游水！\n,		
      你冇使理佢啦！佢種人醫好都流口水。\n,		
      林湖公園裡頭闊猛猛到，行半日冇行得齊。\n,		
      捉嗰𣑦芭蕉放落米缸去鬱熟。\n,	1	
      啲番薯仲生矼矼，邊啲食得了？\n,		
      啊張凳做得真係差也，一坐就裂。\n,		
      你都冇盡狀噶嗱，食咁多荔枝落去。\n,		
      昨晚佢噶店仔捱賊佬靠門落屋。\n,		
      天亮㿰㿰到賊佬都敢出來偷嘢。\n,		
      佢慢慢望都冇算難睇。\n,		
      灶邊做乜出煙嗰？係冇係燒燶煲了？\n,		
      嚇得佢魂魄冇齊。\n,		
      佢兩公婆一爭交就𢴬嘢。\n,		
      今朝早超市豬肉減價促銷，大家搶唏唅去。\n,		
      食幾多𢳂幾多，冇要搞嘥啲谷米去。\n,		
      錢啊嘛，我何頃！\n,		
      我啲網路有尐卡，一時時噶。\n,	1	
      冇對書。\n,		
      冇記得今日出屋時關未關煤氣，害得我一日長心大心細到。\n,		
      條嘢吊㢥埞到，睇到好驚哦！\n,		
      你定尐，冇要狂。\n,		
      幫我定到架梯。\n,		
      放天燈。\n,		
      啲舊屋崩崩敗敗到。\n,		
      仲剩尐仔湯飲齊去喂！好嘢沉歸底哦！\n,		
      八月十五拜月姼姼。\n,		
      不遱都係噉子。\n,		
      你信佢講三四，那種人就得把嘴。同義詞：得把口。\n,		
      做死佢。\n,		
      做死冇揾得餐食。\n,		
      你走路冇有聲音噶咩？嚇驚死我嘹！\n,		
      我哋屋己人都冇鐘意食月餅，舊年嘅月餅仲好好跟啲。\n,		
      親親兩姊妹。\n,		
      面上嗰層煏燶咯！\n,		
      木鱉子䊦。\n,		
      捉隻西瓜破開邊去。\n,		
      今早捱領導在大會上開名鬧，丟醜人哦！\n,		
      在森林裡頭行竉路。\n,		
      容瓜果豐收，墜滿枝頭:今年嗰蔸荔枝打墜枝去。\n,		
      跟到江邊走。\n,		
      我買乜嘢睇在你有乜嘢。\n,		
      佢講英文未講得咁靈當。\n,		
      兩條線之間走差三釐米。\n,		
      我見隻做法冇盡得扂。\n		
